symbol,entry_date,exit_date,entry_price,exit_price,shares,net_return,status
RPPL.NS,2024-02-27,2024-03-05,48.5365840312008,49.738392519168144,2060,0.024760879076178632,CLOSED
GVT&D.NS,2024-02-27,2024-03-05,897.8909735258206,921.738967996928,111,0.026560011375837078,CLOSED
JAIBALAJI.NS,2024-02-27,2024-03-05,259.4092315714449,257.85693508871344,385,-0.005983967776813315,CLOSED
KERNEX.NS,2024-02-27,2024-03-05,689.3900028849756,627.2745842014577,145,-0.09010200093354381,CLOSED
INDOSTAR.NS,2024-02-27,2024-03-05,218.26126197982373,215.74397182805237,458,-0.01153338035772955,CLOSED
CUPID.NS,2024-02-27,2024-03-05,25.831077024113856,24.274865488886206,3871,-0.060245708445485824,CLOSED
DEEPINDS.NS,2024-02-27,2024-03-05,258.05351288365375,262.3687377092046,387,0.016722209193472226,CLOSED
SUVEN.NS,2024-03-05,2024-03-13,111.64293961658409,102.86404381045608,893,-0.0786336855360259,CLOSED
DWARKESH.NS,2024-03-05,2024-03-13,80.16376948802447,79.80599041114777,1244,-0.004463101961917348,CLOSED
SCHAND.NS,2024-03-05,2024-03-13,264.6017036203067,231.55032313866485,377,-0.12490993077304335,CLOSED
JSL.NS,2024-03-05,2024-03-13,677.564685290243,647.6732985611283,147,-0.04411591598270859,CLOSED
TATAINVEST.NS,2024-03-05,2024-03-18,864.8879453288959,711.3471750548194,115,-0.1775267780101717,CLOSED
CUPID.NS,2024-03-13,2024-03-20,24.949788076374023,18.25701071010381,3877,-0.2682498683268528,CLOSED
LMW.NS,2024-03-28,2024-04-05,15046.822354342443,16989.730526629803,6,0.12912415170015246,CLOSED
WOCKPHARMA.NS,2024-03-28,2024-04-05,579.3962623273177,581.4659608726101,159,0.003572164129914901,CLOSED
NAUKRI.NS,2024-03-28,2024-04-05,1084.0283554988248,1108.752070278399,85,0.022807258365670213,CLOSED
ZENTEC.NS,2024-03-28,2024-04-05,946.029702664108,1034.9809657111591,97,0.094025867048948,CLOSED
SCHNEIDER.NS,2024-03-28,2024-04-05,754.6494621302331,809.418949549052,122,0.07257606367890967,CLOSED
INDOSTAR.NS,2024-04-05,2024-04-15,239.47426163758564,228.73605388300857,398,-0.04484075942502752,CLOSED
RSSOFTWARE.NS,2024-04-05,2024-04-15,238.29949524948105,278.55580951465436,400,0.16893159686732884,CLOSED
NUCLEUS.NS,2024-04-05,2024-04-15,1370.5086478123587,1248.6283856041293,69,-0.08893067723635151,CLOSED
MAHLIFE.NS,2024-04-15,2024-04-23,632.8947039326638,649.690000837215,151,0.026537268838227046,CLOSED
HITECHGEAR.NS,2024-04-23,2024-04-30,1224.1109397063208,1085.8366870147977,79,-0.11295892243614514,CLOSED
BBTC.NS,2024-04-23,2024-04-30,1559.7107536617425,1546.9424284817542,62,-0.008186341698300126,CLOSED
AURIONPRO.NS,2024-04-23,2024-04-30,1291.8827905189362,1258.388982259796,75,-0.02592635222401729,CLOSED
TECHNOE.NS,2024-04-23,2024-04-30,956.0638995890309,1017.8370986520487,101,0.06461199830845121,CLOSED
DVL.NS,2024-04-23,2024-04-30,341.73482560155844,320.60919503449617,283,-0.06181878165292243,CLOSED
E2E.NS,2024-04-15,2024-04-30,95.64135538333366,110.09385750407357,1005,0.15111143148080464,CLOSED
TARIL.NS,2024-04-23,2024-04-30,366.54507519445684,323.5365953055851,264,-0.11733476398790843,CLOSED
DHANUKA.NS,2024-04-23,2024-04-30,1352.8555112639249,1384.740169096127,71,0.02356841330558157,CLOSED
HSCL.NS,2024-04-23,2024-04-30,355.00502405799296,376.65338234148237,273,0.06098042792755787,CLOSED
SHAKTIPUMP.NS,2024-04-24,2024-05-08,307.290394545161,379.6825670364675,300,0.23558228235040835,CLOSED
INTELLECT.NS,2024-04-30,2024-05-08,1075.050443714403,1003.6785037514652,89,-0.06638938700991626,CLOSED
MAXIND.NS,2024-04-30,2024-05-08,269.8932744044069,242.9256135053913,356,-0.09991972181791886,CLOSED
IGARASHI.NS,2024-04-30,2024-05-08,566.1341237009117,495.94164974480697,170,-0.12398559107733165,CLOSED
PRAJIND.NS,2024-04-30,2024-05-08,535.4530076988046,507.1173056262799,179,-0.05291912019376255,CLOSED
HCLTECH.NS,2024-04-30,2024-05-08,1245.7953982168249,1217.253353850691,77,-0.022910699788253996,CLOSED
ICICIBANK.NS,2024-04-30,2024-05-08,1133.3185151965347,1097.5382271670017,84,-0.03157125516768622,CLOSED
ZENTEC.NS,2024-04-30,2024-05-08,1087.7510565975062,940.513883292445,88,-0.1353592556054326,CLOSED
DALMIASUG.NS,2024-04-30,2024-05-08,399.4969725141164,366.77560974136253,241,-0.08190640987047193,CLOSED
JPPOWER.NS,2024-05-02,2024-05-08,20.548166253476708,18.409218091164878,4686,-0.1040943574198464,CLOSED
CARTRADE.NS,2024-05-08,2024-05-15,853.1075860349366,947.4437187655086,108,0.11057940906260888,CLOSED
KPIGREEN.NS,2024-05-08,2024-05-15,695.3000798351978,641.0129279213484,132,-0.07807729854815604,CLOSED
KRITIKA.NS,2024-05-08,2024-05-16,24.166252983741593,21.282428877667968,3818,-0.11933269539194946,CLOSED
GANESHHOU.NS,2024-05-15,2024-05-23,865.0506309458304,797.2473942243182,104,-0.07838065691874874,CLOSED
GREENPOWER.NS,2024-05-15,2024-05-23,20.326339824879565,21.071789520912365,4451,0.03667407425316993,CLOSED
V2RETAIL.NS,2024-05-15,2024-05-23,45.99250812611983,47.61965888589383,237,0.03537860460473374,CLOSED
RPOWER.NS,2024-05-15,2024-05-23,26.153639806519024,26.597754658421422,3459,0.01698099596032887,CLOSED
ONEPOINT.NS,2024-05-15,2024-05-23,55.342223070686316,57.76660666463594,1634,0.04380712337581838,CLOSED
HILTON.NS,2024-05-15,2024-05-23,117.5596313465176,127.38050275432569,769,0.08353948796300825,CLOSED
SWANCORP.NS,2024-05-15,2024-05-23,577.4460515338787,602.2948389361475,156,0.04303222324624523,CLOSED
GENUSPOWER.NS,2024-05-15,2024-05-23,286.79032299770955,325.65774352755056,315,0.13552556489206036,CLOSED
TARC.NS,2024-05-15,2024-05-23,154.5261899357769,187.26868794334436,585,0.2118896351561872,CLOSED
SALZERELEC.NS,2024-05-15,2024-05-23,755.2807265337425,755.4644100536482,119,0.00024319900330138644,CLOSED
DBCORP.NS,2024-05-23,2024-05-30,277.0823394962916,266.2138736382459,340,-0.03922467912535843,CLOSED
DREDGECORP.NS,2024-05-24,2024-05-30,1036.7911524021579,933.1682344430884,91,-0.09994579691289218,CLOSED
TFCILTD.NS,2024-05-23,2024-05-30,33.08883126584896,29.98891220179423,2852,-0.09368475541335186,CLOSED
SCHAEFFLER.NS,2024-05-23,2024-05-30,4477.311649215123,4392.4122547804645,21,-0.018962136452918443,CLOSED
JKTYRE.NS,2024-05-23,2024-05-30,415.6421555513194,400.4937664521039,227,-0.03644574761460906,CLOSED
NDL.NS,2024-05-30,2024-06-06,4.320400534873385,4.274558746765204,21522,-0.01061054125379235,CLOSED
RTNPOWER.NS,2024-05-30,2024-06-06,17.981774597596804,20.264492344474345,5171,0.1269461884580967,CLOSED
ABFRL.NS,2024-05-30,2024-06-06,299.7935518188171,307.06017466979597,310,0.024238756327122468,CLOSED
SUNTECK.NS,2024-05-30,2024-06-06,472.0591484511172,465.564194808152,196,-0.013758770832587253,CLOSED
SUZLON.NS,2024-05-30,2024-06-06,46.37975655187778,49.36635715128504,2004,0.06439448633298905,CLOSED
APTECHT.NS,2024-06-06,2024-06-13,203.50876743489266,217.78662854102134,461,0.07015845698488898,CLOSED
HERANBA.NS,2024-06-06,2024-06-13,302.8130709891901,323.1246909222637,310,0.06707643057389245,CLOSED
DHANBANK.NS,2024-06-06,2024-06-13,42.1945403218958,43.20527310526574,2225,0.023954112917434545,CLOSED
BIOCON.NS,2024-06-06,2024-06-13,307.3197703462659,338.1349375893793,305,0.10027069592168791,CLOSED
LALPATHLAB.NS,2024-06-06,2024-06-13,1360.6762752211328,1365.3286411561326,69,0.003419157091016256,CLOSED
HUHTAMAKI.NS,2024-06-06,2024-06-13,296.2520814966569,324.7481647276562,316,0.09618863464870175,CLOSED
SOUTHBANK.NS,2024-06-06,2024-06-13,26.07292537826123,26.788868623513487,3601,0.027459260319487866,CLOSED
FOCUS.NS,2024-06-06,2024-06-13,159.60078042380155,158.48986796024886,588,-0.006960570371916663,CLOSED
HDFCAMC.NS,2024-06-13,2024-06-21,1905.1173959103376,1877.0441384040842,53,-0.014735710023181525,CLOSED
NESCO.NS,2024-06-13,2024-06-21,933.1696868042139,966.8630432127392,108,0.03610635545172225,CLOSED
EIMCOELECO.NS,2024-06-13,2024-06-21,2148.6826112961135,2239.256881163657,47,0.042153396407349275,CLOSED
GMRP&UI.NS,2024-06-13,2024-06-21,82.66670804412779,96.6630721931657,1221,0.1693107718958231,CLOSED
E2E.NS,2024-06-03,2024-06-21,137.76008464408946,181.65489070384203,674,0.31863225239122883,CLOSED
SHAKTIPUMP.NS,2024-06-24,2024-06-28,576.9603409618537,582.6325453297407,177,0.009831185898203643,CLOSED
APOLLO.NS,2024-06-21,2024-06-28,117.11145305626552,106.21756075220516,874,-0.09302157918599518,CLOSED
SPLPETRO.NS,2024-06-21,2024-06-28,779.6694517196032,751.9192543880353,131,-0.035592259348321775,CLOSED
PASHUPATI.NS,2024-06-21,2024-06-28,40.86007112170027,50.58161754578673,2505,0.23792289531584943,CLOSED
CPCAP.NS,2024-06-21,2024-06-28,409.184922205564,392.43040200447854,250,-0.04094608401203126,CLOSED
DHANBANK.NS,2024-06-21,2024-06-28,46.1752615018817,42.806479917018834,2217,-0.07295641595284919,CLOSED
MICEL.NS,2024-06-24,2024-07-05,67.98615635537094,85.54052865819305,1505,0.2582051000363004,CLOSED
ZIMLAB.NS,2024-06-28,2024-07-05,112.02239071821475,110.87289132984101,936,-0.010261335979386832,CLOSED
PGHH.NS,2024-06-28,2024-07-05,16111.886745764616,15819.02540303749,6,-0.018176725503865065,CLOSED
WOCKPHARMA.NS,2024-07-05,2024-07-12,940.4618750311945,871.5841478738228,113,-0.073238191771556,CLOSED
PARACABLES.NS,2024-07-05,2024-07-12,81.34201365317435,75.98565670613557,1309,-0.06584981987140348,CLOSED
SOBHA.NS,2024-07-05,2024-07-12,2038.838155383964,2007.1375718357287,52,-0.015548357021141435,CLOSED
SARVESHWAR.NS,2024-07-05,2024-07-12,10.542382344297799,9.702435392960032,10101,-0.07967335312896151,CLOSED
REMSONSIND.NS,2024-07-05,2024-07-12,213.78761789808044,199.45782264775082,498,-0.06702818147850409,CLOSED
GTLINFRA.NS,2024-07-08,2024-07-12,4.209420940104918,3.172050836012787,25297,-0.2464400968334317,CLOSED
AURIONPRO.NS,2024-07-05,2024-07-15,1550.822214423782,1565.898911007936,68,0.009721744016773615,CLOSED
KOTARISUG.NS,2024-07-12,2024-07-22,62.21156219125625,55.71597046794279,1666,-0.10441132635994799,CLOSED
V2RETAIL.NS,2024-07-12,2024-07-22,76.64315950189032,76.11370344319855,1352,-0.006908066709837568,CLOSED
WALCHANNAG.NS,2024-07-05,2024-07-22,301.34732220452634,314.5631807837312,353,0.04385590182956789,CLOSED
MACPOWER.NS,2024-07-12,2024-07-22,1367.295113783725,1717.4234918938885,75,0.25607374339344413,CLOSED
SJVN.NS,2024-07-12,2024-07-22,146.85367679644364,134.11471963572447,706,-0.08674591905776285,CLOSED
SKYGOLD.NS,2024-07-12,2024-07-22,224.3943398307562,203.9606062957321,462,-0.09106171550688724,CLOSED
WANBURY.NS,2024-07-12,2024-07-22,183.88644277326046,185.97790892930848,338,0.011373683260744283,CLOSED
AVADHSUGAR.NS,2024-07-12,2024-07-22,637.7519870809292,585.8994180304562,162,-0.08130522538676621,CLOSED
ALMONDZ.NS,2024-07-12,2024-07-29,26.311025233747618,32.03750580568306,3940,0.21764566454789525,CLOSED
KAMATHOTEL.NS,2024-07-29,2024-08-05,235.4445184352442,218.64390060567337,429,-0.07135701413321116,CLOSED
OMINFRAL.NS,2024-07-30,2024-08-05,214.735231403628,217.23827242367418,470,0.01165640590826622,CLOSED
WANBURY.NS,2024-07-29,2024-08-05,223.37010154119562,203.3160359876281,452,-0.08977954262992083,CLOSED
CUPID.NS,2024-07-31,2024-08-05,19.27209030340102,17.530002210727467,5244,-0.09039435085908243,CLOSED
PIIND.NS,2024-07-29,2024-08-05,4166.574333639616,4164.334826713534,24,-0.0005374935730777519,CLOSED
HSCL.NS,2024-07-29,2024-08-05,427.75250675092127,463.78722753766203,236,0.08424198623743817,CLOSED
RAMASTEEL.NS,2024-08-05,2024-08-12,11.330906164172376,10.970510084812581,9182,-0.03180646579700264,CLOSED
GVT&D.NS,2024-08-05,2024-08-12,1715.110199143693,1716.8000211689198,60,0.0009852556564997617,CLOSED
RPOWER.NS,2024-08-05,2024-08-12,33.56424761501982,31.944680175807765,3099,-0.048252755663955704,CLOSED
SOLARA.NS,2024-08-05,2024-08-12,686.2166157183744,635.2766260517196,151,-0.07423310438691089,CLOSED
MSPL.NS,2024-07-29,2024-08-12,28.606751143970367,34.851612993256076,3533,0.21830028226053821,CLOSED
BBOX.NS,2024-08-05,2024-08-12,530.6936262610539,536.6294220703302,196,0.011184976633498156,CLOSED
DHANBANK.NS,2024-08-05,2024-08-12,44.14802175861227,43.063319023870896,2356,-0.02456967926382292,CLOSED
DHANUKA.NS,2024-08-05,2024-08-12,1798.9427207439196,1850.410487235056,57,0.028610008477564453,CLOSED
WEBELSOLAR.NS,2024-08-14,2024-08-20,88.70208746394887,91.50203915885845,1042,0.03156579258687198,CLOSED
ONEPOINT.NS,2024-08-12,2024-08-20,68.69041649840837,69.29839341477634,1486,0.008850971465314439,CLOSED
OFSS.NS,2024-08-12,2024-08-20,9852.13520011658,10215.445841359606,10,0.036876335318533515,CLOSED
SIMPLEXINF.NS,2024-08-12,2024-08-20,151.98449623404463,131.39461659333747,671,-0.13547355257210114,CLOSED
KTKBANK.NS,2024-08-12,2024-08-20,210.4425643052232,205.32572704472273,485,-0.02431464983043574,CLOSED
CUPID.NS,2024-08-12,2024-08-20,21.087638359260794,19.184613903576594,4841,-0.09024360259139552,CLOSED
SUZLON.NS,2024-08-05,2024-08-20,70.00508101395599,81.18740161045675,1486,0.15973584252079487,CLOSED
SUPRIYA.NS,2024-08-12,2024-08-20,477.2646536860335,535.1429790076515,213,0.12127092353185875,CLOSED
WOCKPHARMA.NS,2024-08-20,2024-08-27,1002.4637872097933,1052.4597282265252,100,0.049873064398553435,CLOSED
AURIONPRO.NS,2024-08-20,2024-08-27,1828.503477545788,1949.7648820184204,55,0.06631729496921124,CLOSED
GALLANTT.NS,2024-08-14,2024-08-27,378.1115400679306,362.6332955360913,269,-0.04093565758151296,CLOSED
GMRP&UI.NS,2024-08-21,2024-08-27,117.77369516561474,125.63766723507072,859,0.0667718887345563,CLOSED
GRPLTD.NS,2024-08-20,2024-08-27,4774.8758805369725,3636.2577352649123,21,-0.23846026027885225,CLOSED
KAMOPAINTS.NS,2024-08-27,2024-09-03,41.00682270186457,44.64194779707029,2524,0.08864683620173341,CLOSED
V2RETAIL.NS,2024-08-12,2024-09-03,95.39217432870856,109.59018571983579,1070,0.14883832443322653,CLOSED
SATIN.NS,2024-08-27,2024-09-03,222.63524675268738,214.2235023662907,465,-0.03778262655661535,CLOSED
SHILPAMED.NS,2024-08-27,2024-09-03,370.3379761750469,377.85010363984713,279,0.020284518326712186,CLOSED
ZENTEC.NS,2024-08-27,2024-09-03,1899.5029921106486,1702.5338963801655,54,-0.10369506999913658,CLOSED
ATULAUTO.NS,2024-09-03,2024-09-10,695.9460854009669,656.8935488223547,146,-0.05611431315992288,CLOSED
IRFC.NS,2024-09-10,2024-09-17,164.13263762376582,158.8127507719229,620,-0.03241212064134047,CLOSED
AFSL.NS,2024-09-10,2024-09-17,511.6394268860689,416.90545965460166,199,-0.1851576759985748,CLOSED
ALIVUS.NS,2024-09-10,2024-09-17,1201.812670831881,1296.141136710711,84,0.07848849339684283,CLOSED
GTLINFRA.NS,2024-09-10,2024-09-17,2.395048383121361,2.494421166975304,42511,0.04149092960052636,CLOSED
MINDTECK.NS,2024-09-17,2024-09-24,337.0964508374671,304.07044047377855,297,-0.09797199075113439,CLOSED
MANORG.NS,2024-09-10,2024-09-24,724.2611161655582,560.2491419734043,140,-0.2264542035067122,CLOSED
VISHWARAJ.NS,2024-09-17,2024-09-24,18.75741864168818,18.809989063221167,5352,0.0028026469173187962,CLOSED
MICEL.NS,2024-09-17,2024-09-24,104.58759215114854,103.51021209464989,959,-0.01030122249053822,CLOSED
MMFL.NS,2024-09-17,2024-09-24,598.6262675151808,584.341391814757,167,-0.02386276125122011,CLOSED
IMFA.NS,2024-09-10,2024-09-24,607.010792042999,645.0451588594912,167,0.0626584688691958,CLOSED
AURIONPRO.NS,2024-09-24,2024-10-01,1720.5231144654222,1632.636318627034,57,-0.0510814386040348,CLOSED
V2RETAIL.NS,2024-09-24,2024-10-01,128.42524692224785,133.55563007732218,767,0.03994840016293999,CLOSED
RTNPOWER.NS,2024-09-24,2024-10-01,15.818365276128459,15.501567805053847,6231,-0.02002719405858533,CLOSED
RBA.NS,2024-09-24,2024-10-01,113.70558764529797,110.60387439087266,866,-0.02727845938496032,CLOSED
HUBTOWN.NS,2024-09-24,2024-10-01,286.06987367500454,316.7565435158243,344,0.10726984091894276,CLOSED
SPMLINFRA.NS,2024-09-24,2024-10-01,291.1845540696612,273.84860352491694,338,-0.059535955126922446,CLOSED
KAMOPAINTS.NS,2024-09-17,2024-10-07,54.08981052173763,26.45552672544687,1856,-0.5108962950643927,CLOSED
SHAKTIPUMP.NS,2024-10-03,2024-10-09,779.543940345773,749.7984411559887,124,-0.038157565789800674,CLOSED
PCJEWELLER.NS,2024-10-01,2024-10-09,18.462318813121595,15.958240951440315,5240,-0.13563181781378264,CLOSED
PTCIL.NS,2024-10-01,2024-10-09,14338.866781578658,13272.226014220632,6,-0.07438807986753548,CLOSED
ALOKINDS.NS,2024-10-01,2024-10-09,26.21274484592039,25.187439878399445,3690,-0.03911475023114641,CLOSED
OSIAHYPER.NS,2024-09-25,2024-10-09,47.74072285847878,44.3923593217738,2064,-0.07013642308330292,CLOSED
RPOWER.NS,2024-09-25,2024-10-09,42.1255894675052,45.46675564912211,2175,0.07931440779467835,CLOSED
SKYGOLD.NS,2024-09-24,2024-10-09,262.8017181177221,289.0623713228077,375,0.09992572877062433,CLOSED
KSCL.NS,2024-10-01,2024-10-09,975.2260404555655,882.8321992857632,99,-0.09474094962296287,CLOSED
MANGLMCEM.NS,2024-10-09,2024-10-16,826.9525688322509,842.4222299279419,108,0.01870682996672457,CLOSED
AURIONPRO.NS,2024-10-09,2024-10-16,1586.8673401635695,1702.981881275191,56,0.07317217903019713,CLOSED
OMAXE.NS,2024-10-09,2024-10-16,120.64524467465446,122.25366669765631,745,0.01333183108326641,CLOSED
GENUSPOWER.NS,2024-10-09,2024-10-16,392.332652480375,392.40317022144967,229,0.00017973966894890836,CLOSED
RPPINFRA.NS,2024-10-09,2024-10-16,182.27853045500257,192.76127135319436,493,0.05750946571724502,CLOSED
TIMETECHNO.NS,2024-10-16,2024-10-23,216.9132219810275,207.9614792554372,425,-0.04126877395409889,CLOSED
DIACABS.NS,2024-10-16,2024-10-23,175.73385833164315,159.28334360694998,525,-0.09361038835013746,CLOSED
360ONE.NS,2024-10-16,2024-10-23,1106.0168066118858,996.2127244339415,83,-0.09927885500611189,CLOSED
TARIL.NS,2024-10-14,2024-10-23,410.4659990422147,437.19306110647096,219,0.06511394884502342,CLOSED
KICL.NS,2024-10-16,2024-10-30,6650.065741809339,5978.843928910448,13,-0.10093461312402996,CLOSED
INDOTHAI.NS,2024-10-22,2024-10-30,100.20566009708313,100.06902050107185,921,-0.0013635915963119416,CLOSED
CONTROLPR.NS,2024-10-30,2024-11-06,708.5311473957976,684.2603153958197,126,-0.034255137673460334,CLOSED
SENCO.NS,2024-10-30,2024-11-06,569.5337529580713,577.3652051141264,157,0.013750637456304782,CLOSED
DCXINDIA.NS,2024-10-31,2024-11-06,355.6040060242701,340.840770515057,252,-0.04151594261906466,CLOSED
ANTELOPUS.NS,2024-10-30,2024-11-06,893.9891923069988,910.577527335692,100,0.018555408914828098,CLOSED
REMSONSIND.NS,2024-10-30,2024-11-06,160.0647484104764,180.04465094233885,561,0.12482387740132017,CLOSED
CUPID.NS,2024-10-30,2024-11-06,15.612081076942182,17.34462485684754,5754,0.1109745569067142,CLOSED
JINDALSAW.NS,2024-11-06,2024-11-13,321.68526000606715,294.1664178074806,281,-0.08554585994418118,CLOSED
SPMLINFRA.NS,2024-11-06,2024-11-13,232.58504277940747,208.0849880789455,389,-0.10533804929020629,CLOSED
HSCL.NS,2024-11-06,2024-11-13,592.5081619677547,524.4839612033946,152,-0.11480719613793622,CLOSED
PGHL.NS,2024-11-06,2024-11-13,5274.621832682789,4989.324790453554,17,-0.054088624981883715,CLOSED
TEMBO.NS,2024-11-07,2024-11-19,65.55365232028056,68.1350278297765,1382,0.03937805779125658,CLOSED
GVT&D.NS,2024-11-13,2024-11-22,1820.7858373472222,1927.842046511063,48,0.0587967057783223,CLOSED
SKYGOLD.NS,2024-11-22,2024-11-29,397.1402833476799,380.7790879526635,223,-0.04119752158380985,CLOSED
KHAICHEM.NS,2024-11-22,2024-11-29,73.69174928652131,72.74136097715929,1203,-0.012896807560732637,CLOSED
ANTELOPUS.NS,2024-11-29,2024-12-06,896.8132789437657,920.8575495004068,98,0.02681078784310542,CLOSED
REFEX.NS,2024-11-29,2024-12-06,498.2068081255021,528.0494018005429,177,0.05990001177889015,CLOSED
MANAKCOAT.NS,2024-12-06,2024-12-13,94.17376838978866,99.54582066197516,948,0.057044040649954386,CLOSED
PARACABLES.NS,2024-12-06,2024-12-13,73.88289092498879,78.55630679088988,1209,0.06325437198506312,CLOSED
BORORENEW.NS,2024-12-06,2024-12-13,537.6822699183821,586.2561180043441,166,0.09033931524901373,CLOSED
HUBTOWN.NS,2024-12-06,2024-12-13,325.2742605478544,288.6445265953256,274,-0.11261184297470661,CLOSED
FLUOROCHEM.NS,2024-12-06,2024-12-13,4307.042618341879,4336.614177840182,20,0.006865861826481634,CLOSED
ANANDRATHI.NS,2024-12-06,2024-12-13,1102.5483029933614,1074.611006588781,81,-0.02533884123600938,CLOSED
KSCL.NS,2024-12-06,2024-12-13,969.4477243292972,913.7756284725381,92,-0.05742660945980904,CLOSED
PGHL.NS,2024-12-06,2024-12-13,5301.714145801732,5347.7130805735615,16,0.008676238195198582,CLOSED
SHAKTIPUMP.NS,2024-12-13,2024-12-20,847.3219277466986,939.9984705305473,106,0.10937583431872855,CLOSED
CENTENKA.NS,2024-12-13,2024-12-20,692.1619538432119,638.8624242607144,130,-0.07700441968321603,CLOSED
NECLIFE.NS,2024-12-13,2024-12-26,37.16647223105314,39.31635472031791,2424,0.05784467452007758,CLOSED
SALZERELEC.NS,2024-12-20,2024-12-30,1455.1343366500475,1429.2529018252235,62,-0.01778628554969519,CLOSED
GMRP&UI.NS,2024-12-31,2025-01-06,120.72180182358639,129.43295056247837,749,0.07215886946105887,CLOSED
INDOTHAI.NS,2024-12-30,2025-01-06,121.34007938502636,141.7101612291117,745,0.1678759561335761,CLOSED
ABCOTS.NS,2025-01-06,2025-01-13,491.4817510468451,473.09239294659136,188,-0.03741615647190322,CLOSED
JSWHL.NS,2025-01-06,2025-01-13,18410.891357258424,17176.174118707208,5,-0.06706450082138116,CLOSED
BFUTILITIE.NS,2025-01-06,2025-01-13,1044.1538704470634,875.4824110469538,88,-0.1615388920867491,CLOSED
V2RETAIL.NS,2025-01-06,2025-01-13,182.12766167796718,164.9744689962189,509,-0.09418224844987066,CLOSED
HUBTOWN.NS,2025-01-06,2025-01-13,285.2190563060378,276.7580899576536,325,-0.02966480030459695,CLOSED
VIYASH.NS,2025-01-06,2025-01-13,209.76294591085338,174.42578146738362,442,-0.1684623768512844,CLOSED
20MICRONS.NS,2025-01-06,2025-01-13,259.6751660805024,236.08284139397998,357,-0.09085321882188957,CLOSED
AARTECH.NS,2025-01-06,2025-01-15,94.1211647955517,72.89226303544682,986,-0.2255486511053909,CLOSED
INDOTHAI.NS,2025-01-13,2025-01-20,173.75339730308082,203.70990793508162,497,0.17240820091561826,CLOSED
DELTACORP.NS,2025-01-13,2025-01-20,114.60763533474724,107.64651423090908,754,-0.06073872027379368,CLOSED
HUBTOWN.NS,2025-01-20,2025-01-27,289.45089652487604,274.5767180708662,296,-0.05138757085429002,CLOSED
BGRENERGY.NS,2025-01-27,2025-02-01,142.59992210767672,138.58310439302028,598,-0.02816844255793738,CLOSED
V2RETAIL.NS,2025-01-27,2025-02-01,193.90590059701125,185.44207392196574,439,-0.043649144502495685,CLOSED
NECLIFE.NS,2025-02-03,2025-02-07,36.62391154843372,37.316244666763595,2311,0.01890385513339532,CLOSED
BEL.NS,2025-02-01,2025-02-07,292.44726073281606,276.57500178872175,289,-0.05427391901131684,CLOSED
PNB.NS,2025-02-01,2025-02-07,96.46577602706327,94.1985001063785,877,-0.023503422810268848,CLOSED
PARSVNATH.NS,2025-02-03,2025-02-07,25.582523269620843,25.234931258607247,3308,-0.013587088628835953,CLOSED
VENKEYS.NS,2025-02-07,2025-02-14,1909.983602550293,1703.5251695584213,43,-0.10809434841021637,CLOSED
SDBL.NS,2025-02-14,2025-02-21,113.37645778553379,117.67354838304705,735,0.03790108353571742,CLOSED
GODREJCP.NS,2025-02-21,2025-03-03,1047.8558721172153,977.3499190098586,80,-0.06728592641743558,CLOSED
GARFIBRES.NS,2025-02-21,2025-03-03,723.8759972632636,738.8271276019184,115,0.020654270061695845,CLOSED
ASAHIINDIA.NS,2025-03-03,2025-03-10,615.4800210850268,627.7465128361404,135,0.0199299592690092,CLOSED
JUBLFOOD.NS,2025-03-03,2025-03-10,625.1329872485627,597.2632319357162,133,-0.04458212233449932,CLOSED
GSFC.NS,2025-03-03,2025-03-10,161.21323871121157,169.84723694725207,518,0.053556384730331974,CLOSED
MCX.NS,2025-03-03,2025-03-10,995.4024063230114,925.4811184675708,83,-0.07024424233986726,CLOSED
ASKAUTOLTD.NS,2025-03-03,2025-03-10,345.57764592271286,414.67352333666616,241,0.19994313355964688,CLOSED
SHAILY.NS,2025-03-10,2025-03-18,1817.2825650529935,1766.357678150158,46,-0.028022547446467372,CLOSED
INSECTICID.NS,2025-03-10,2025-03-18,606.6071387064042,583.9935542163809,139,-0.03727879717711036,CLOSED
GILLETTE.NS,2025-03-18,2025-03-25,7902.752075799726,7811.0252982162965,10,-0.011606941063521559,CLOSED
JKLAKSHMI.NS,2025-03-18,2025-03-25,729.9074930273066,761.7770123744673,115,0.04366240880057437,CLOSED
PTCIL.NS,2025-03-25,2025-04-02,13978.025741228583,14313.782777285545,6,0.02402034752780846,CLOSED
PRIVISCL.NS,2025-04-02,2025-04-09,1797.521582686053,1769.8321382642719,47,-0.015404234746602907,CLOSED
BIOCON.NS,2025-04-09,2025-04-21,315.45797916741645,334.28659500581244,269,0.05968660513229085,CLOSED
COROMANDEL.NS,2025-04-09,2025-04-21,2048.9942174910234,2125.3778015790663,41,0.037278574744624704,CLOSED
INDIASHLTR.NS,2025-04-09,2025-04-21,825.8625356434901,853.6618050670614,102,0.033660891763192646,CLOSED
CELLO.NS,2025-05-06,2025-05-13,567.8243602936456,553.0171955231957,152,-0.02607701572153831,CLOSED
SHRIPISTON.NS,2025-05-06,2025-05-13,1871.1620254560726,2235.691266902361,46,0.19481436481025138,CLOSED
SOUTHBANK.NS,2025-05-13,2025-05-20,24.635331817762843,28.18577672387648,3571,0.14412003590524636,CLOSED
PILANIINVS.NS,2025-05-13,2025-05-20,4328.077932215229,4694.516248863015,20,0.08466536933641411,CLOSED
XCHANGING.NS,2025-05-20,2025-05-27,97.97011176112724,92.1015898526741,918,-0.059901145389748,CLOSED
VINATIORGA.NS,2025-05-20,2025-05-27,1864.8304054644352,1810.0385739868864,48,-0.029381669945424904,CLOSED
HUHTAMAKI.NS,2025-05-27,2025-06-03,210.36645453108892,201.2366291852763,424,-0.04339962550665777,CLOSED
V2RETAIL.NS,2025-05-27,2025-06-03,200.65959169553656,186.6941863948317,445,-0.06959749684876648,CLOSED
ACE.NS,2025-05-27,2025-06-03,1352.9732565323743,1261.194664626845,66,-0.06783474208555662,CLOSED
ESAFSFB.NS,2025-06-03,2025-06-10,32.693680923569715,33.950060514752444,2683,0.03842882036194872,CLOSED
ANANDRATHI.NS,2025-06-03,2025-06-10,992.7331252733011,986.3391555744093,88,-0.006440773996668536,CLOSED
INDIANB.NS,2025-06-03,2025-06-10,623.4279468635709,622.8515239120534,140,-0.000924602360894311,CLOSED
PRESTIGE.NS,2025-06-03,2025-06-10,1541.2573570556424,1710.8783109812198,56,0.11005362157661636,CLOSED
JISLJALEQS.NS,2025-06-10,2025-06-17,65.1548049352153,63.55866980878797,1365,-0.024497581230031984,CLOSED
CONCORDBIO.NS,2025-06-10,2025-06-17,1998.9175420470538,2080.5206057641135,44,0.04082362678827245,CLOSED
HINDZINC.NS,2025-06-10,2025-06-17,511.1941338006866,495.16052586327294,174,-0.03136500768935879,CLOSED
SIRCA.NS,2025-06-10,2025-06-17,372.9671228744222,383.2603553115265,238,0.027598229993505363,CLOSED
RTNINDIA.NS,2025-06-10,2025-06-17,50.51651073504996,59.64807520173922,1761,0.18076395882888008,CLOSED
GREAVESCOT.NS,2025-06-10,2025-06-17,211.10406864478642,200.43457744496078,421,-0.05054138116958151,CLOSED
IREDA.NS,2025-06-10,2025-06-17,182.48598684611332,165.74764570079185,487,-0.09172398075385679,CLOSED
SANGAMIND.NS,2025-06-17,2025-06-24,440.80796886547114,444.51750671447996,203,0.008415314855936495,CLOSED
JGCHEM.NS,2025-06-17,2025-06-24,419.87917028411783,389.0270289246122,213,-0.07347861847642756,CLOSED
GLAND.NS,2025-06-17,2025-06-24,1748.4278020511042,1711.0430073787716,51,-0.02138194933097959,CLOSED
EQUITASBNK.NS,2025-06-24,2025-07-01,68.29924419787879,67.83530141076686,1299,-0.006792795331201362,CLOSED
NATCOPHARM.NS,2025-07-01,2025-07-08,934.742376098666,966.5611040188122,94,0.03404010424021653,CLOSED
NITCO.NS,2025-07-01,2025-07-08,152.65825834466256,153.84492059314763,581,0.007773324950464788,CLOSED
ALKYLAMINE.NS,2025-07-01,2025-07-08,2363.837667210969,2378.442231668852,37,0.006178328004695199,CLOSED
ABSLAMC.NS,2025-07-01,2025-07-08,762.6298205668169,771.9713576628424,116,0.012249110701024524,CLOSED
NACLIND.NS,2025-07-01,2025-07-08,229.00952461580084,241.9019844890638,387,0.05629660991127805,CLOSED
SCHNEIDER.NS,2025-07-01,2025-07-08,859.1307314654721,820.9821804598005,103,-0.04440366245611915,CLOSED
HUHTAMAKI.NS,2025-07-08,2025-07-15,231.3268861288511,227.37692238821975,388,-0.0170752470961425,CLOSED
METROPOLIS.NS,2025-07-08,2025-07-15,464.29253025720385,467.88611798511903,193,0.007739921479943845,CLOSED
THYROCARE.NS,2025-07-08,2025-07-15,346.5852597025042,376.61652288726594,259,0.08664899139259274,CLOSED
JSWDULUX.NS,2025-07-08,2025-07-15,3387.115448060869,3391.0666869495703,26,0.0011665498118653694,CLOSED
CEATLTD.NS,2025-07-15,2025-07-22,3881.4932635926857,3545.093630450721,23,-0.08666758133971242,CLOSED
SOLEX.NS,2025-07-15,2025-07-22,1444.4255147141707,1523.5828621298476,62,0.054801958709058685,CLOSED
EVEREADY.NS,2025-07-15,2025-07-22,379.56442185662183,392.26722517274607,237,0.033466791365716064,CLOSED
SKMEGGPROD.NS,2025-07-15,2025-07-22,159.73314319113004,140.27771780405502,564,-0.12179955266888776,CLOSED
RPSGVENT.NS,2025-07-22,2025-07-29,952.0311600914538,974.6545855909789,94,0.023763324613610193,CLOSED
TSFINV.NS,2025-07-22,2025-07-29,515.812433431003,453.6557211387155,173,-0.12050254756141277,CLOSED
IPL.NS,2025-07-22,2025-07-29,226.92974328639517,210.5339713966575,394,-0.0722504315754039,CLOSED
UNITEDPOLY.NS,2025-07-29,2025-08-05,27.465343962086312,32.872208898423594,3194,0.19686135894751655,CLOSED
INDIAGLYCO.NS,2025-08-05,2025-08-12,865.202899699703,893.8763387299012,103,0.03314071073981628,CLOSED
LIKHITHA.NS,2025-08-12,2025-08-20,257.47166576528997,257.6533433065907,349,0.000705621493381603,CLOSED
VINDHYATEL.NS,2025-08-12,2025-08-20,1581.9877831762244,1508.6112930730608,56,-0.04638246317923045,CLOSED
PIXTRANS.NS,2025-08-12,2025-08-20,1360.9612198293617,1352.3501181871136,66,-0.00632722043566214,CLOSED
AMBER.NS,2025-08-12,2025-08-20,6957.914587002985,7393.1737008903865,12,0.06255597254678036,CLOSED
SULA.NS,2025-08-12,2025-08-20,248.11240937279663,246.78084799748746,362,-0.0053667665340690895,CLOSED
ACE.NS,2025-08-12,2025-08-20,990.3477593667341,1000.5511268602037,90,0.010302812721052712,CLOSED
ADANIENT.NS,2025-08-12,2025-08-20,2282.7826628541447,2375.148763056078,39,0.04046206487587778,CLOSED
IMAGICAA.NS,2025-08-12,2025-08-20,60.7887026866091,58.16835486888857,1481,-0.04310583549100411,CLOSED
BAJAJELEC.NS,2025-08-12,2025-08-20,565.6610776998235,591.9629850394894,159,0.04649764386586153,CLOSED
UNITEDPOLY.NS,2025-08-12,2025-08-26,44.40060167953918,32.99394572553497,2028,-0.2569031842480788,CLOSED
HONDAPOWER.NS,2025-08-20,2025-08-28,3005.602547473674,2730.8745900500526,29,-0.09140528499170353,CLOSED
SHRIPISTON.NS,2025-08-20,2025-08-28,2608.8740618113266,2554.6175367781843,34,-0.020796912287698643,CLOSED
ESABINDIA.NS,2025-08-20,2025-08-28,5212.083631201598,5231.075581050095,17,0.0036438306044830338,CLOSED
ROLEXRINGS.NS,2025-08-20,2025-08-28,145.27870444027644,135.36817642299468,614,-0.06821734854715711,CLOSED
ACUTAAS.NS,2025-08-20,2025-08-28,1395.7295087260925,1413.5695454167667,63,0.01278187254703611,CLOSED
JPPOWER.NS,2025-08-20,2025-08-28,19.51509253776099,18.915141271132494,4572,-0.030742937317238428,CLOSED
JYOTISTRUC.NS,2025-09-04,2025-09-11,16.815978098664804,15.437331439978754,5151,-0.08198432767913244,CLOSED
TVSSCS.NS,2025-09-04,2025-09-11,136.08718917095584,133.09105192138196,636,-0.022016306368192073,CLOSED
BOMDYEING.NS,2025-09-04,2025-09-11,182.82043258505337,189.89842632872956,473,0.038715550792624454,CLOSED
INDOTHAI.NS,2025-09-04,2025-09-11,163.74851956860104,177.34356342654357,529,0.0830239192009734,CLOSED
EIHAHOTELS.NS,2025-09-04,2025-09-11,416.7314762192665,402.5983492211874,207,-0.03391422967686475,CLOSED
INDIACEM.NS,2025-09-04,2025-09-11,411.8623290199919,388.13572142992746,210,-0.057608103286651224,CLOSED
SOBHA.NS,2025-09-11,2025-09-18,1485.5535363008137,1599.6135380080607,58,0.07677946228129118,CLOSED
AXISCADES.NS,2025-09-11,2025-09-18,1543.466109606574,1715.1261906584052,55,0.11121726611515093,CLOSED
INOXGREEN.NS,2025-09-11,2025-09-18,172.55020987105658,178.4757194965286,500,0.03434078480634728,CLOSED
SURYODAY.NS,2025-09-18,2025-09-25,133.61471920959409,134.86971040732047,656,0.009392611870536083,CLOSED
ZENTEC.NS,2025-09-18,2025-09-25,1560.105151384011,1539.4264116528134,56,-0.013254708961670247,CLOSED
KNRCON.NS,2025-09-18,2025-09-25,208.09409503690188,206.62352279812984,421,-0.0070668619333540406,CLOSED
DATAMATICS.NS,2025-09-25,2025-10-03,896.7393204965806,846.8517932610844,98,-0.05563213979272197,CLOSED
GRANULES.NS,2025-10-03,2025-10-10,544.8505978435685,566.6996690930459,159,0.04010103198189108,CLOSED
SYRMA.NS,2025-09-25,2025-10-10,860.6092637565824,819.6942886682373,102,-0.047541871568695604,CLOSED
INDOTECH.NS,2025-10-03,2025-10-10,1742.7586325194309,1785.2764576084935,49,0.024396852378574252,CLOSED
ZEEMEDIA.NS,2025-10-03,2025-10-10,11.610024119586345,11.137845583338846,7494,-0.04066990140450477,CLOSED
CAPLIPOINT.NS,2025-10-03,2025-10-10,2057.910225102762,2014.5588024866695,42,-0.021065750141713746,CLOSED
RAMASTEEL.NS,2025-10-03,2025-10-10,10.31943250748679,10.004634704461525,8431,-0.030505340559849325,CLOSED
JTLIND.NS,2025-10-03,2025-10-10,71.26926323650775,69.80646457478225,1220,-0.020524958380321534,CLOSED
ACUTAAS.NS,2025-10-03,2025-10-10,1384.8765946943372,1426.78642721788,62,0.030262503304702593,CLOSED
SPIC.NS,2025-10-03,2025-10-10,90.60498616492461,89.62986930470183,960,-0.010762286950166455,CLOSED
MOIL.NS,2025-10-10,2025-10-17,385.7757950819232,373.2791711422034,229,-0.03239348890996663,CLOSED
NESTLEIND.NS,2025-10-17,2025-10-27,1253.0645182833434,1267.017351859962,72,0.01113496821036275,CLOSED
INDOTHAI.NS,2025-10-03,2025-10-28,298.75444518693075,346.71044650628477,291,0.16051979172844755,CLOSED
GLOBUSSPR.NS,2025-11-03,2025-11-11,1160.4654938217739,1131.8216279164085,76,-0.024683082830004865,CLOSED
V2RETAIL.NS,2025-11-03,2025-11-11,252.51834276864875,221.61533347697517,349,-0.1223792654143393,CLOSED
ZUARI.NS,2025-11-12,2025-11-18,291.8937338620392,290.81143710480467,298,-0.0037078451219718644,CLOSED
SAFARI.NS,2025-11-11,2025-11-18,2113.5647788429515,2288.37213139322,41,0.08270735503359639,CLOSED
EMCURE.NS,2025-11-11,2025-11-18,1431.1808236513612,1335.2573441119957,60,-0.06702401119003021,CLOSED
NAM-INDIA.NS,2025-11-11,2025-11-18,881.9863140793768,847.9622836549693,98,-0.038576596803457264,CLOSED
ENTERO.NS,2025-11-11,2025-11-18,1153.1073389073206,1133.6603470949096,75,-0.0168648582454074,CLOSED
SIEMENS.NS,2025-11-18,2025-11-25,3234.5188317590423,3177.2536628423322,27,-0.017704385689282676,CLOSED
FIEMIND.NS,2025-11-18,2025-11-25,2316.468405796593,2167.024298985781,37,-0.06451376864750313,CLOSED
APLLTD.NS,2025-11-18,2025-11-25,934.2020234335881,870.0687646773714,94,-0.06865031026212065,CLOSED
MAHASTEEL.NS,2025-11-11,2025-11-25,719.9729473599723,691.2165457833504,121,-0.039940947339850874,CLOSED
ALIVUS.NS,2025-11-18,2025-11-25,940.6817353905499,879.9455185436015,93,-0.0645661700040685,CLOSED
INDIACEM.NS,2025-11-18,2025-11-25,414.861162813905,397.65184493590806,211,-0.04148211358535048,CLOSED
SAFARI.NS,2025-11-25,2025-12-02,2404.2702426200126,2439.2683033019957,35,0.014556625150359492,CLOSED
SMLMAH.NS,2025-12-03,2025-12-09,3509.761036135442,3457.8265140444973,24,-0.01479716754395588,CLOSED
WAAREEINDO.NS,2025-12-03,2025-12-10,576.7926488194643,472.1144392797326,146,-0.18148325876548377,CLOSED
ORIENTHOT.NS,2025-12-23,2025-12-31,105.86127145017338,101.29337808779417,785,-0.0431498063437602,CLOSED
CHAMBLFERT.NS,2025-12-23,2025-12-31,461.69110136208104,466.6704989199108,180,0.010785127855268417,CLOSED
KELLTONTEC.NS,2025-12-23,2025-12-31,19.437386176695895,18.02624037461748,4275,-0.07259956607593065,CLOSED
FEDFINA.NS,2025-12-23,2025-12-31,148.91037989288216,144.26617512540764,558,-0.031187918335950138,CLOSED
MCX.NS,2025-12-23,2025-12-31,2169.720767797777,2201.322889766733,38,0.014565064057082022,CLOSED
POONAWALLA.NS,2025-12-23,2025-12-31,471.9868711105348,483.8968038006502,176,0.025233610125833694,CLOSED
POCL.NS,2025-12-23,2025-12-31,545.643877355597,580.040582910331,152,0.06303874556685907,CLOSED
TAKE.NS,2025-12-23,2025-12-31,37.21404704163746,39.5132488921062,2233,0.06178317149694168,CLOSED
EQUITASBNK.NS,2025-12-23,2025-12-31,61.63141009434293,60.647457689508485,1348,-0.01596511264837608,CLOSED
CUPID.NS,2025-12-31,2026-01-07,103.16016931895228,87.80064653460171,806,-0.14889005015939583,CLOSED
FORCEMOT.NS,2025-12-31,2026-01-07,19927.665409723475,20709.327406389275,4,0.039224965925230615,CLOSED
RPTECH.NS,2026-01-07,2026-01-14,394.59967556994985,364.6920869918391,208,-0.07579222799641927,CLOSED
NATIONALUM.NS,2026-01-07,2026-01-14,344.39241510036857,351.3732624367084,238,0.020270037986479306,CLOSED
VENUSREM.NS,2026-01-14,2026-01-21,758.8464580344789,701.7056422767761,108,-0.0752995749702855,CLOSED
ATALREAL.NS,2026-01-14,2026-01-21,26.48580326202622,27.308341055921904,3095,0.031055799431803255,CLOSED
INDIAGLYCO.NS,2026-01-29,2026-02-05,843.3279144724006,899.5140393279895,96,0.06662429156129601,CLOSED
INDRAMEDCO.NS,2026-01-29,2026-02-05,363.0721261981598,381.53938009573295,225,0.050863871294526186,CLOSED
SARVESHWAR.NS,2026-01-29,2026-02-05,4.203657551788151,4.038180415680687,19458,-0.03936503724882956,CLOSED
NHPC.NS,2026-01-29,2026-02-05,77.71472123961789,75.88755397301671,1052,-0.023511211742849536,CLOSED
RAJESHEXPO.NS,2026-02-05,2026-02-12,180.9520097189846,184.9983888554969,458,0.022361614788342088,CLOSED
TRENT.NS,2026-02-05,2026-02-12,2648.97464252093,2804.2503238085865,31,0.05861727734014344,CLOSED
RMDRIP.NS,2026-01-29,2026-02-12,60.603190985360946,66.33498869217034,1349,0.09457914036562776,CLOSED
CROMPTON.NS,2026-02-05,2026-02-12,243.2426029103886,261.37898542106507,341,0.07456087993499216,CLOSED
PAISALO.NS,2026-02-05,2026-02-12,36.341265578239195,34.67032342955093,2285,-0.045979195333494594,CLOSED
DALMIASUG.NS,2026-02-05,2026-02-12,287.0529753196838,296.2104926791181,289,0.03190183745434361,CLOSED
PRINCEPIPE.NS,2026-02-12,2026-02-19,271.3357430868468,264.7657135101335,311,-0.024213653173627114,CLOSED
KIRLOSENG.NS,2026-02-12,2026-02-19,1348.0898323706845,1408.3724306095664,62,0.04471704836826196,CLOSED
TVSSRICHAK.NS,2026-02-12,2026-02-19,4541.826704186938,4240.371629143697,18,-0.0663730905376334,CLOSED
LAURUSLABS.NS,2026-02-12,2026-02-19,1019.5325569673466,1042.1020206776143,83,0.022137070126923453,CLOSED
PFIZER.NS,2026-02-12,2026-02-19,5066.203530637404,5025.803759025388,16,-0.00797436805838958,CLOSED
CELLO.NS,2026-02-19,2026-02-26,454.70522329444907,415.80133489513133,185,-0.08555848142110545,CLOSED
VENUSREM.NS,2026-02-19,2026-02-26,803.8708501302964,673.5223844518384,104,-0.1621510043029054,CLOSED
LTTS.NS,2026-02-19,2026-02-26,3463.456217479346,3248.055408962646,24,-0.062192444480636544,CLOSED
GABRIEL.NS,2026-02-26,2026-03-06,1007.5927514212424,935.7061126736293,80,-0.07134493439558265,CLOSED
MANKIND.NS,2026-02-26,2026-03-06,2159.742776752872,2227.5240074825533,37,0.03138393676287188,CLOSED
NATIONALUM.NS,2026-02-26,2026-03-06,361.4495781173369,388.4659916378604,225,0.07474462596205655,CLOSED
VENKEYS.NS,2026-03-06,2026-03-13,1307.7655906046734,1246.3801400540226,62,-0.04693918466096658,CLOSED
PETRONET.NS,2026-03-06,2026-03-13,287.06920340079733,292.7916430460272,285,0.019934007470806314,CLOSED
SYRMA.NS,2026-03-06,2026-03-13,760.5866898156407,745.8431401815657,107,-0.01938444339283507,CLOSED
RIIL.NS,2026-03-06,2026-03-13,689.7688521012029,681.3216315357192,118,-0.012246451169477202,CLOSED
TNPL.NS,2026-03-06,2026-03-13,134.10742249064742,132.42591486878942,611,-0.01253851271338291,CLOSED
CEATLTD.NS,2026-03-06,2026-03-13,3370.475500083758,3698.973548342222,24,0.09746341376767176,CLOSED
CIEINDIA.NS,2026-03-06,2026-03-13,465.4510818253151,448.82813832224906,176,-0.035713620941383195,CLOSED
AURUM.NS,2026-03-06,2026-03-13,174.1833230775826,171.7623895424266,470,-0.013898767645383003,CLOSED
VENKEYS.NS,2026-03-20,2026-03-30,1257.0644596227564,1198.5879029432851,65,-0.046518343774526905,CLOSED
NBCC.NS,2026-03-20,2026-03-30,83.77236003438527,78.8095721705864,976,-0.05924135194187963,CLOSED
KSL.NS,2026-03-20,2026-03-30,642.6565407309496,596.5744362364558,127,-0.07170564924474376,CLOSED
MAHLOG.NS,2026-03-20,2026-03-30,358.7123214836999,345.4841289801675,228,-0.03687688353948415,CLOSED
MANGLMCEM.NS,2026-03-30,2026-04-08,773.5702206920054,865.6051015861567,103,0.11897417769238916,CLOSED
FINEORG.NS,2026-03-30,2026-04-08,3906.827777570963,4473.6268565159935,20,0.14507910540592928,CLOSED
BHARATFORG.NS,2026-03-20,2026-04-08,1715.4530499582727,1708.5862950761796,47,-0.0040028812693301274,CLOSED
FLUOROCHEM.NS,2026-03-30,2026-04-08,3059.897169555865,3263.2246244225594,26,0.0664491136792702,CLOSED
PIDILITIND.NS,2026-03-20,2026-04-08,1313.9235318311003,1387.583292542802,62,0.05606091901638188,CLOSED
WELCORP.NS,2026-04-16,2026-04-23,1063.7639859320816,1124.0958310224019,78,0.0567154424178562,CLOSED
GESHIP.NS,2026-04-16,2026-04-23,1397.3078759440473,1420.2090688531057,59,0.01638951107577924,CLOSED
GVPIL.NS,2026-04-16,2026-04-23,518.2579303308843,494.9594325680436,160,-0.04495541003678538,CLOSED
AZAD.NS,2026-04-23,2026-04-30,1953.7630111418052,2160.9861029656495,42,0.10606357610524131,CLOSED
CHENNPETRO.NS,2026-04-23,2026-04-30,1031.7333545777408,1085.8112588598162,81,0.0524146127893752,CLOSED
TIINDIA.NS,2026-04-23,2026-04-30,3041.750287423768,2958.149166195943,27,-0.02748454453131044,CLOSED
ADANIPOWER.NS,2026-04-23,2026-04-30,216.31478824546704,216.58327266975684,387,0.0012411746162501736,CLOSED
CENTURYPLY.NS,2026-04-30,2026-05-07,822.0960970763886,805.3537795473673,103,-0.020365402035798286,CLOSED
SIGMAADV.NS,2026-04-30,2026-05-07,289.2298808583625,289.8821575093272,293,0.0022552187520492595,CLOSED
NARMADA.NS,2026-05-07,2026-05-14,18.77079453675588,18.295088908140343,4510,-0.025342860563735692,CLOSED
ALIVUS.NS,2026-05-07,2026-05-14,1133.9292377079144,1092.117857240087,74,-0.03687300677804506,CLOSED
GRINDWELL.NS,2026-05-07,2026-05-14,1635.663008554263,1744.223327439776,51,0.06637083452872594,CLOSED
KIRLFER.NS,2026-05-07,2026-05-14,467.00218215905585,457.7824855033675,181,-0.019742298875486175,CLOSED
DENTA.NS,2026-05-07,2026-05-14,294.08687530150866,267.36555835049626,287,-0.09086198397537026,CLOSED
SKYGOLD.NS,2026-05-07,2026-05-14,483.21943203814135,437.66612000433344,175,-0.09427044736522994,CLOSED
LATENTVIEW.NS,2026-05-07,2026-05-14,306.7335557405531,296.7352563344468,275,-0.032596040501559065,CLOSED
IXIGO.NS,2026-05-14,2026-05-21,165.39881205474992,161.5549436875246,499,-0.02323999984929115,CLOSED
LMW.NS,2026-05-28,2026-06-04,16025.918105006931,15807.568433654998,5,-0.013624783923219641,CLOSED
MONARCH.NS,2026-05-28,2026-06-04,346.56206625338183,335.81694413952874,238,-0.031004899728399593,CLOSED
JKTYRE.NS,2026-05-28,2026-06-04,410.0877741254684,377.36517942715545,201,-0.0797941239972233,CLOSED
J&KBANK.NS,2026-06-04,2026-06-11,149.30436040741967,152.79147250595838,560,0.02335572845309497,CLOSED
MRPL.NS,2026-06-04,2026-06-11,154.4462677796802,162.64561436858529,541,0.05308866770805731,CLOSED
STLTECH.NS,2026-06-04,2026-06-11,650.1240969985262,552.2422228368462,128,-0.15055875426488285,CLOSED
VENUSREM.NS,2026-05-28,2026-06-11,1216.1233410146488,1633.8437717979207,67,0.3434852507926993,CLOSED
ABDL.NS,2026-06-04,2026-06-11,568.7074433303468,562.6871104070998,147,-0.010585992840171032,CLOSED
BECTORFOOD.NS,2026-06-11,2026-06-18,178.36282840781843,184.747108407151,473,0.035793780892144245,CLOSED
KEI.NS,2026-06-18,2026-06-25,5652.805918324112,5430.911044586208,14,-0.039253934584700834,CLOSED
GALLANTT.NS,2026-06-18,2026-06-25,716.2815754976608,723.0729204593752,117,0.009481389992470168,CLOSED
GAYAPROJ.NS,2026-06-18,2026-06-25,25.359579380641932,22.7458831184166,3323,-0.10306544217450542,CLOSED
DIXON.NS,2026-06-18,2026-06-25,12869.059293096401,12102.676209907871,6,-0.05955237797370749,CLOSED
COCHINSHIP.NS,2026-06-18,2026-06-25,1511.8709620272869,1483.9138443387478,55,-0.018491735333715953,CLOSED
HAL.NS,2026-06-18,2026-06-25,4473.535246619416,4369.52488463998,18,-0.023250149209852577,CLOSED
BRIGADE.NS,2026-06-18,2026-06-25,564.387592805862,540.8715853117293,149,-0.04166641470132704,CLOSED
GODREJPROP.NS,2026-07-02,2026-07-09,1955.9584042932813,1977.1314653428656,41,0.010824903537370645,CLOSED
CCAVENUE.NS,2026-07-02,2026-07-09,17.541249687265584,16.162740602479065,4682,-0.07858670900667208,CLOSED
TIPSMUSIC.NS,2026-07-02,2026-07-09,676.9655159456597,663.3996095394226,121,-0.020039287211382928,CLOSED
MSPL.NS,2026-07-02,2026-07-09,43.101480015960384,40.57357283563102,1905,-0.058650124761221334,CLOSED
CUPID.NS,2026-07-02,2026-07-09,195.03487507494967,195.69748831438432,421,0.0033974089976471777,CLOSED
JINDALPOLY.NS,2026-07-09,2026-07-16,672.9231939273376,674.1388050389766,120,0.0018064633863255075,CLOSED
KRN.NS,2026-07-16,2026-07-23,1289.0958063501434,1239.564680564105,62,-0.03842315330020152,CLOSED
HFCL.NS,2026-07-16,2026-07-23,226.13324957907756,221.40967009710337,358,-0.02088847832314189,CLOSED
AURUM.NS,2026-07-16,2026-07-23,254.0147694616586,228.04878057184317,319,-0.10222235874254859,CLOSED
ICEMAKE.NS,2026-07-23,2026-07-30,888.0347645510678,803.584220622533,89,-0.09509824085685137,CLOSED
AXISCADES.NS,2026-07-30,2026-08-06,1598.7149264274146,1597.0083071720385,49,-0.0010674944151487509,CLOSED
SUNTV.NS,2026-07-30,2026-08-06,508.12637539542186,487.02474359888873,155,-0.041528314250784404,CLOSED
ROTO.NS,2026-07-30,2026-08-06,69.32516388836831,65.88451713113913,1142,-0.04963056074082306,CLOSED
TI.NS,2026-07-30,2026-08-06,467.28279937414663,499.1423315250768,169,0.06818040850979568,CLOSED
RPSGVENT.NS,2026-07-30,2026-08-06,944.4817075375094,955.4780126745969,83,0.011642687253051731,CLOSED
MUFIN.NS,2026-07-30,2026-08-06,130.14912520529936,134.04895928669328,608,0.029964351087587104,CLOSED
VENUSREM.NS,2026-07-30,2026-08-06,1598.475583003745,1516.2270272823516,49,-0.05145437102444661,CLOSED
VMART.NS,2026-07-30,2026-08-06,727.9848206088012,804.5665278981757,108,0.10519684630969439,CLOSED
GULPOLY.NS,2026-07-30,2026-08-06,197.6618353268044,206.5116059868442,400,0.0447722780951012,CLOSED
PHOENIXLTD.NS,2026-07-30,2026-08-06,1886.9245048448304,1924.1873214387208,41,0.019747910686524595,CLOSED
UNIVASTU.NS,2026-08-06,2026-08-13,151.10017766862003,152.35614350263947,532,0.008312140021264014,CLOSED
SULA.NS,2026-08-06,2026-08-13,172.67723587071498,151.2032656586285,465,-0.12435901063510324,CLOSED
MSPL.NS,2026-08-06,2026-08-13,36.684580815508646,34.52965133248099,2191,-0.05874210458789397,CLOSED
VENUSREM.NS,2026-08-13,2026-08-20,1686.055191871346,1743.947554029494,46,0.03433598285349926,CLOSED
CUPID.NS,2026-08-13,2026-08-20,291.6835462463378,285.6675890539969,269,-0.020624945320913746,CLOSED
MODISONLTD.NS,2026-08-20,2026-08-27,392.22444305152743,409.5340769456096,201,0.04413196117868723,CLOSED
MENONBE.NS,2026-08-20,2026-08-27,279.25425704047586,280.114705660414,283,0.0030812372533086663,CLOSED
BLISSGVS.NS,2026-08-20,2026-08-27,581.4762015459931,569.5519339311084,136,-0.0205068884731332,CLOSED
SETL.NS,2026-08-27,2026-09-03,337.5973562260173,376.2929715354803,235,0.11462061119802347,CLOSED
LGBBROSLTD.NS,2026-08-27,2026-09-03,1703.765245566505,1693.7519430595369,46,-0.005877160913467683,CLOSED
MAHABANK.NS,2026-08-27,2026-09-03,85.88842757196498,83.00852389958868,923,-0.033530753255009316,CLOSED
GANESHBE.NS,2026-09-03,2026-09-10,118.7218809397185,129.23975962842982,673,0.08859258803397685,CLOSED
PONNIERODE.NS,2026-09-03,2026-09-10,403.17743349490473,370.8612991435759,198,-0.08015362881597698,CLOSED
STLTECH.NS,2026-09-10,2026-09-17,866.558020508552,798.5900497645442,92,-0.07843441424051423,CLOSED
BHAGYANGR.NS,2026-09-10,2026-09-17,417.5562378324003,430.1226992202762,191,0.030095254840666108,CLOSED
PAYTM.NS,2026-09-10,2026-09-17,1752.6330373948035,1792.2801259379564,45,0.022621443107158523,CLOSED
SALZERELEC.NS,2026-09-17,2026-09-24,559.0256621163112,548.6759792824973,143,-0.018513788427230504,CLOSED
OLECTRA.NS,2026-09-24,2026-10-01,1272.878147408746,1125.7465401586453,62,-0.11558970318535433,CLOSED
TIRUPATIFL.NS,2026-09-24,2026-10-01,82.03560584285162,74.69075632899809,975,-0.08953245896572537,CLOSED
VENUSREM.NS,2026-10-01,,1883.9225007680882,1796.699951171875,41,-0.0462983745672404,OPEN
DECCANCE.NS,2026-10-01,,568.8210157738677,548.9500122070312,138,-0.03493366633052819,OPEN
HFCL.NS,2026-10-01,,238.78878443205102,238.36000061035156,329,-0.0017956614784873093,OPEN
