date,Screener portfolio,Nifty 500 (price index),Nifty 50 ETF (total return)
2024-02-26,1000000.0,1000000.0,1000000.0
2024-02-27,988305.1490545631,1001829.0478132709,1002572.8137190144
2024-02-28,985349.5487812839,988378.6183934578,992649.21048368
2024-02-29,1010866.5031033391,991817.1588578504,993384.2645097771
2024-03-01,1012391.2652783851,1004640.6459569355,1008085.9681700917
2024-03-04,997674.477668922,1008701.2111692542,1012088.0743777963
2024-03-05,985368.6668135277,1006230.2754708576,1010086.9901170253
2024-03-06,983998.1709059153,1006109.3610337317,1015314.2486820624
2024-03-07,990524.2527210601,1008836.9747477814,1015518.4511272572
2024-03-11,979565.3832275734,1001626.6559444296,1010536.2105709194
2024-03-12,967498.1241762342,995833.2730689608,1010413.70156657
2024-03-13,955274.5450529342,969909.8541409338,995262.8397661984
2024-03-14,946177.5684665928,983241.7796985239,1002123.5932651204
2024-03-15,938329.7092847204,978741.8148929174,995630.366779247
2024-03-18,930526.0187025898,979625.5316522948,996365.4208053441
2024-03-19,926826.69491337,968144.927620078,986646.0200152047
2024-03-20,923326.0419903954,969206.3519612919,986564.3265743591
2024-03-21,923539.5635019119,982306.2837902337,996406.2986826855
2024-03-22,923753.1343908247,987104.8706148027,999469.148419098
2024-03-26,923966.7546685524,987630.665212608,995589.4889019056
2024-03-27,924180.4243465164,991706.079566328,1000367.589326886
2024-03-28,926212.2334260079,999967.8911422944,1008535.188623986
2024-04-01,936104.8822504546,1011688.0098968564,1013558.2447438278
2024-04-02,949280.062826585,1015499.2252412263,1015436.7576864118
2024-04-03,952715.3291152391,1017273.9869076856,1015191.7396777128
2024-04-04,954793.524078723,1020184.32219937,1017805.3689602313
2024-04-05,955198.2245446531,1022674.9281889736,1017070.3149341343
2024-04-08,956866.6201198663,1027809.2598860087,1024012.7618739017
2024-04-09,963178.2065661151,1026407.1730995268,1023971.9463103978
2024-04-10,964417.049779125,1032553.5605637659,1027361.5074963546
2024-04-12,961917.1483633637,1024175.7521234753,1019153.0303219132
2024-04-15,962432.4458372701,1011006.6850063206,1008167.5992971
2024-04-16,961322.9832090202,1008254.3870052656,1002654.5071598599
2024-04-18,961804.0953399944,1003401.4176108887,996202.0962374904
2024-04-19,959744.6499536037,1006388.216338491,1002695.3227233639
2024-04-22,970291.2011746289,1015750.9856840778,1009964.4811126757
2024-04-23,970829.4438075628,1019591.8993112505,1012047.2588142924
2024-04-24,959500.5850825473,1023442.6480840269,1012537.2948316904
2024-04-25,965156.1802998222,1030218.4848668929,1017968.7558419224
2024-04-26,952690.7745632483,1028808.9735097104,1014579.1946559652
2024-04-29,962913.4883485961,1036354.9407625323,1023359.3389748128
2024-04-30,955647.9444586891,1036601.783632582,1021194.9301461882
2024-05-02,952069.3766232663,1040867.2477116411,1024380.2888869502
2024-05-03,950570.121762566,1034743.1339595043,1015845.162576802
2024-05-06,942827.211261939,1030072.7897197659,1014293.2987699249
2024-05-07,922856.2348354812,1018772.4002672845,1009147.7336457333
2024-05-08,913973.3273275588,1022171.4073032707,1009678.6475404729
2024-05-09,907184.3302130906,1004393.8030868857,994364.3988584105
2024-05-10,906692.4799355,1010530.2589825253,1000408.4048903901
2024-05-13,900812.884817164,1012598.8215181414,1001184.3367938284
2024-05-14,904840.2502721368,1021129.7496762597,1007105.8338214585
2024-05-15,912204.0169431822,1023995.53754374,1006329.9019180199
2024-05-16,909905.2650936743,1033237.3924522006,1013517.3668664863
2024-05-17,920181.8010226546,1039926.8342305492,1015763.4691359563
2024-05-21,930312.6365865618,1046004.0864065754,1019888.1466618477
2024-05-22,943694.0444037413,1048477.4326798747,1022420.0825035208
2024-05-23,945223.6754966715,1060908.4781847794,1038469.3852116802
2024-05-24,938738.6467451508,1060622.1018863232,1041287.2169393937
2024-05-27,930219.4373482782,1061078.761195915,1040225.4514637521
2024-05-28,926035.6710346837,1055862.9520671642,1038101.8581986317
2024-05-29,929856.1596694168,1049393.258296958,1030628.4973641246
2024-05-30,916393.360598532,1038643.2513062906,1022379.2669400166
2024-05-31,922858.2588668498,1041839.866473435,1025646.2568077866
2024-06-03,934474.7526608153,1076106.574409144,1054192.1010979698
2024-06-04,910383.3262386273,1003359.4736075797,1022910.1185209189
2024-06-05,939108.6819171649,1039425.723919749,1026258.8641433717
2024-06-06,961922.842946456,1054759.5837226412,1033119.6176422937
2024-06-07,976988.5771407661,1074465.0693233132,1055335.5600144567
2024-06-10,995750.2771095041,1076642.2041525526,1053375.2913171898
2024-06-11,1004957.9990996853,1078802.0792654883,1056887.2991936589
2024-06-12,1010116.0014514495,1084180.746834674,1059296.8506586573
2024-06-13,1003618.8448975905,1089776.7518370992,1063012.998666484
2024-06-14,1001138.6014071293,1096688.3521984925,1064442.3534690114
2024-06-18,1006757.0367877695,1102380.4909280424,1068158.626104513
2024-06-19,1005101.0580431372,1097211.6397983988,1067423.5720784157
2024-06-20,1023789.5205868944,1101170.9608647986,1068812.0490036018
2024-06-21,1017524.4597045772,1097769.4468309137,1065340.7943767994
2024-06-24,1023839.817105708,1100381.0636806393,1068567.0309949026
2024-06-25,1028278.6065181756,1104407.1094603494,1076448.734405962
2024-06-26,1036846.9307167685,1107672.859915707,1082247.7847430801
2024-06-27,1048581.6238347166,1112639.319176509,1090170.366031481
2024-06-28,1051138.5369389632,1113740.1805231334,1092334.7748601052
2024-07-01,1055998.1202459866,1122029.1833840038,1095683.3958548836
2024-07-02,1060795.5860501826,1119570.6862521055,1098664.6144642879
2024-07-03,1075027.0335121667,1128131.1198470346,1103565.2238936177
2024-07-04,1064897.7008153838,1131241.3400096614,1104790.313937113
2024-07-05,1046479.1977573531,1134867.51962449,1104790.313937113
2024-07-08,1029183.5187977124,1134052.938153326,1102789.2919901793
2024-07-09,1028921.2834928591,1138802.156403885,1108261.5685639153
2024-07-10,1032835.7476413199,1134373.8338843908,1106383.0556213313
2024-07-11,1036797.505841555,1135736.3872424662,1105688.754844901
2024-07-12,1017072.3074664949,1140189.3940489655,1110548.4863968892
2024-07-15,1014727.2203822781,1145837.1782003033,1115244.8310671868
2024-07-16,1007495.4060517442,1145560.7334704467,1117123.3440097708
2024-07-18,1001816.0028072578,1145847.1097689029,1125127.6810528545
2024-07-19,1002350.8734583639,1128249.6237092577,1116061.6408479668
2024-07-22,1002472.2760995426,1132645.9337940423,1112631.2640985057
2024-07-23,999190.9815667314,1128822.279883174,1113407.1960019444
2024-07-24,1004479.2390898915,1131599.2621712335,1110344.3462655318
2024-07-25,1004803.1357542983,1131391.9527295905,1110466.8552698812
2024-07-26,1010761.2887050438,1149895.332837719,1127373.721008487
2024-07-29,1013078.0212714826,1154938.2555344389,1129905.65685016
2024-07-30,1008089.4478235716,1157243.8257945015,1131620.907538728
2024-07-31,1019287.22112051,1161682.0798825952,1134275.3523847507
2024-08-01,1025722.8739621933,1160487.302537757,1136643.9013447326
2024-08-02,1040421.5184719263,1148285.8401865978,1125862.7350789516
2024-08-05,1014523.8760127042,1112888.5726214617,1100502.3741572052
2024-08-06,983779.2720993899,1107993.7556467715,1092865.56412717
2024-08-07,1014175.7993593946,1128017.6299806093,1107118.1096474284
2024-08-08,1008778.1385472987,1120947.9923285863,1099889.7045077828
2024-08-09,1020887.6225897718,1131700.5063171526,1109119.1315943617
2024-08-12,1024014.2683680505,1131322.817441377,1108506.5865726143
2024-08-13,1013578.5063161235,1120953.0063243841,1100665.6364112215
2024-08-14,987721.2056982948,1119316.418811355,1099930.5823851244
2024-08-16,991959.1048192662,1138266.5266604763,1118185.1717992497
2024-08-19,1011773.492095514,1142376.460446805,1120717.1076409228
2024-08-20,1017399.456411634,1149317.662668005,1126434.4022233577
2024-08-21,1026768.8267851837,1153676.9463222823,1127618.7390171862
2024-08-22,1014735.5491338649,1157233.8942259017,1129088.971697055
2024-08-23,1021966.864438821,1156145.37502278,1129579.007714453
2024-08-26,1035269.073173613,1163209.998679005,1138726.6790463491
2024-08-27,1035503.9788596795,1165337.7649342348,1138155.011901943
2024-08-28,1038066.3897506028,1165885.736821146,1139135.083936739
2024-08-29,1025263.2748792629,1166648.5391433975,1143872.306484378
2024-08-30,1025953.4694416072,1171740.9268371232,1147874.3503782449
2024-09-02,1021301.0179994293,1173031.8379090866,1149385.4609354553
2024-09-03,1022861.4495017917,1174401.815837863,1150488.0419746009
2024-09-04,1025184.6755566765,1172449.346589567,1148691.1601590249
2024-09-05,1024375.3847285719,1173135.5890529044,1145219.9055322225
2024-09-06,1021194.9709497724,1159060.5314642699,1134561.248270791
2024-09-09,1018166.8888215204,1160267.6509526111,1133989.45649871
2024-09-10,1024653.2698353676,1167253.3041750193,1140196.911726218
2024-09-11,1021467.0651062492,1161704.2571717014,1133417.789354304
2024-09-12,1030051.5761725641,1180271.7585722452,1154530.9637458094
2024-09-13,1005909.1614721428,1181301.0740557536,1156491.2324430763
2024-09-16,1004018.9143275562,1183275.817016152,1156817.8815787833
2024-09-17,995689.8182910263,1183359.8014457664,1159349.9420481313
2024-09-18,996935.2228153746,1179842.2905475572,1157185.4085918318
2024-09-19,986246.6087075984,1177635.4574355148,1159472.4510524808
2024-09-20,984506.9105951858,1194413.444451194,1172458.9040242278
2024-09-23,985767.3186064197,1203566.3009342423,1181606.5753561235
2024-09-24,978113.3793592998,1204084.670961347,1181443.1884744326
2024-09-25,975267.224129721,1203173.859340062,1184669.425092536
2024-09-26,980398.89093472,1209377.0399490115,1190631.7376836701
2024-09-27,971555.388666936,1209014.2002146377,1192346.988372238
2024-09-30,967484.1340410375,1196950.9120169089,1177686.1625892646
2024-10-01,955011.5707766535,1198239.5089369654,1177236.879821533
2024-10-03,943749.3746995298,1172772.6528955344,1154449.3326188012
2024-10-04,920040.6508222597,1161886.8823263398,1144076.4466157355
2024-10-07,895598.1106665953,1144459.7757008264,1135337.1801742297
2024-10-08,899838.8701370101,1160781.1034069138,1141013.5968793232
2024-10-09,903911.2043554073,1165078.5799206824,1138236.643028951
2024-10-10,913190.3398143846,1165007.0340575664,1140605.1919889331
2024-10-11,918029.0773165111,1165653.7430924976,1138236.643028951
2024-10-14,915367.7616117189,1171370.6625320485,1146567.6292077417
2024-10-15,923403.3076453111,1171797.623558838,1142769.6008175577
2024-10-16,927070.7613852723,1168709.677108313,1137338.202121163
2024-10-17,930113.1933758197,1154089.1546306661,1129946.5347275015
2024-10-18,931097.1462907062,1157233.8942259017,1133376.9114769625
2024-10-21,932585.7120698747,1148473.479337034,1129048.0938197137
2024-10-22,923056.6353014112,1126316.824752169,1117164.2218871124
2024-10-23,915717.2724184515,1127632.516534133,1115244.8310671868
2024-10-24,912688.3603860368,1125003.6399681033,1111283.5404229865
2024-10-25,907867.4346901734,1110746.0536478267,1104586.1738057553
2024-10-28,902460.6962827925,1118195.6943275316,1110670.9954012388
2024-10-29,898383.8010489942,1125359.1515547724,1117286.7308914617
2024-10-30,898805.700433529,1123125.223580822,1111446.9273046772
2024-10-31,901023.6895283365,1120140.835428123,1105239.5967048444
2024-11-01,906839.7377140126,1126766.1559140563,1105239.5967048444
2024-11-04,902808.5824239422,1111696.398697518,1096377.696631314
2024-11-05,906277.2559692013,1119671.8339750285,1105852.1417265919
2024-11-06,912466.1450185283,1137017.4631688262,1118593.5766896398
2024-11-07,905383.8447762546,1125912.0410144855,1105484.6147135433
2024-11-08,898400.8492679358,1117983.4673130864,1102748.4141128378
2024-11-11,897140.596167193,1115305.2221730463,1102462.5182267975
2024-11-12,890021.4465331826,1102452.1332141545,1091109.5601889356
2024-11-13,882934.7684298671,1081909.7924302164,1076652.9991649946
2024-11-14,880649.667376656,1084286.9085533947,1076367.103278954
2024-11-18,882949.0040197409,1081142.1689581592,1071874.8987400143
2024-11-19,886542.2132898123,1086323.3622313053,1074325.203454679
2024-11-21,886678.489102409,1077264.228900479,1067056.0450653671
2024-11-22,882631.8092177411,1097243.7486561043,1089802.7143907575
2024-11-25,887332.382973738,1113434.1339334701,1105607.123717893
2024-11-26,881679.0443245275,1113875.9441016607,1104831.1918144543
2024-11-27,879321.2386829631,1120256.832292447,1108914.9914630044
2024-11-28,884523.3370753037,1111501.3349763812,1093151.4600132105
2024-11-29,886744.0873915796,1120024.8385637987,1102135.8690910903
2024-12-02,890476.933905494,1127373.331520581,1108261.5685639153
2024-12-03,893564.4540675842,1136506.5177124222,1114795.6729271302
2024-12-04,892018.5952132762,1140389.3753429041,1116633.3079923727
2024-12-05,893670.0383816112,1149199.158805782,1126802.0538640812
2024-12-06,892237.4015331933,1150885.114892821,1126638.66698239
2024-12-09,901949.0453728575,1149892.8258398203,1123616.695123319
2024-12-10,917034.1410727596,1151023.3854692474,1121738.0575530601
2024-12-11,909932.1130584276,1153158.5762951777,1122922.3943468886
2024-12-12,901011.7358759338,1148135.323889665,1119369.5085930782
2024-12-13,906671.1617377372,1153198.0133005881,1127455.3521354953
2024-12-16,916819.763338152,1152877.1175695234,1125005.172048505
2024-12-17,920119.1868263766,1140204.243190367,1111691.9453133761
2024-12-18,914048.3197528819,1132238.6430584604,1105484.6147135433
2024-12-19,912751.0864723396,1123241.2204451463,1096051.0474956068
2024-12-20,919118.5957357038,1101876.9700423395,1078735.6522389362
2024-12-23,909828.4966396528,1106463.3298524632,1084902.2295891026
2024-12-24,909871.5760706378,1105989.314403571,1084207.9288126722
2024-12-26,907795.928606723,1107354.374759545,1084943.107466444
2024-12-27,904754.2505503295,1108087.4787989939,1087883.4481985068
2024-12-30,904207.379628697,1103740.633711215,1079634.0931467242
2024-12-31,908995.0051669322,1104641.6101868968,1080042.4980371143
2025-01-01,918418.4932720033,1104641.6101868968,1084616.333703062
2025-01-02,926057.4343576954,1126578.51676362,1102176.7469684319
2025-01-03,928409.852602881,1121069.0031887086,1096132.6786226148
2025-01-06,896306.3758536088,1097236.3240854037,1080083.3759144554
2025-01-07,910164.5152697841,1102975.4208140608,1082860.3297648276
2025-01-08,903677.1535853461,1097552.3022436667,1081880.2577300314
2025-01-09,886859.1782537772,1088406.773908323,1074651.8525903863
2025-01-10,864741.8489209437,1076185.5448429608,1070853.9488278767
2025-01-13,852970.3516615696,1048758.794982533,1055253.8042597738
2025-01-14,852417.1098829224,1060488.8453056947,1058765.9367639178
2025-01-15,853213.1972333828,1063951.9736340959,1060072.6579344207
2025-01-16,859019.6399347766,1072016.4073370188,1064728.249355052
2025-01-17,859475.3300301468,1070323.0266792786,1060848.5898378594
2025-01-20,859952.7052236885,1076679.23058306,1067056.0450653671
2025-01-21,857733.3865384097,1058126.4819009216,1053252.7823128405
2025-01-22,855869.3126948406,1056317.2008018536,1057091.5639526914
2025-01-23,854745.2710560308,1063302.854024262,1059786.8866760554
2025-01-24,852970.0851178449,1052483.7117453816,1054396.2412293274
2025-01-27,846828.2709053457,1032343.7441242236,1044186.7421079525
2025-01-28,844412.6167018835,1033025.0690147595,1050884.1087251834
2025-01-29,846765.312834765,1048860.0391284516,1059255.9727813157
2025-01-30,845503.6288284241,1051427.2049769694,1062686.3495307767
2025-01-31,846459.288339377,1065418.278135989,1074039.3075686388
2025-02-01,841280.8036917786,1065418.278135989,1070486.4218148282
2025-02-03,835662.3834908458,1056613.4122459134,1067791.0990914642
2025-02-04,835700.8895925957,1072653.1848033501,1082411.0469970962
2025-02-05,841199.1874713098,1075457.358376314,1083227.8567778761
2025-02-06,838262.8880494265,1069937.9132328026,1079634.0931467242
2025-02-07,835559.5029070433,1068639.5775901387,1077102.157305051
2025-02-10,835268.3585290426,1055070.6443081023,1069547.1030296988
2025-02-11,832018.6322438156,1034293.8027976167,1055866.3492815215
2025-02-12,831519.5766242397,1032190.7208293921,1054722.8903650346
2025-02-13,833618.3821094052,1032017.9308203572,1054314.6101023194
2025-02-14,833573.0827537107,1018626.7051201577,1049332.3695459813
2025-02-17,832092.9922642051,1019577.0501698491,1049985.6678173956
2025-02-18,832259.3403637767,1017555.44563334,1048883.0867782498
2025-02-19,835395.1293047542,1023482.0850894371,1049087.3515372823
2025-02-20,838310.4617880771,1028401.6827741283,1048923.9646555914
2025-02-21,840059.4281985036,1021448.1384094256,1043533.3192088637
2025-02-24,838267.5716655626,1010498.1501248196,1032670.3971883997
2025-02-25,839248.5238549771,1008044.5705657232,1032180.3611710017
2025-02-27,840939.2913058099,1002949.7722970946,1031404.4292675633
2025-02-28,835486.4591093713,981491.7023190694,1014620.0102194693
2025-03-03,825680.0797612453,982284.0100781316,1012986.5152855844
2025-03-04,825904.3230372828,983315.8325595388,1010699.5974526103
2025-03-05,837568.8474418181,1000034.5194326086,1022910.1185209189
2025-03-06,843085.271632382,1009444.1503543063,1032180.3611710017
2025-03-07,848134.6537196317,1009261.5251996679,1032547.8881840502
2025-03-10,842121.9832266178,1000528.205172708,1028096.5615224518
2025-03-11,844141.803577733,1002305.4738370662,1029444.2228841336
2025-03-12,847823.5346143098,1000422.0434539875,1028055.7459589477
2025-03-13,846932.5703267035,996062.8562227063,1025278.7297947383
2025-03-17,844704.6273981425,1001604.4786553235,1029852.5654606862
2025-03-18,843770.2277543527,1019816.4684691982,1029852.5654606862
2025-03-19,845378.9884034761,1030050.6124306598,1048311.4196338439
2025-03-20,847116.2242044655,1040198.361387604,1059010.9547726167
2025-03-21,847254.9521335195,1050262.1259149336,1066239.2352845874
2025-03-24,847173.0905950606,1063305.2645991647,1081798.5019753487
2025-03-25,850970.8185716262,1058351.1474818652,1081104.3258265932
2025-03-26,853262.1719829558,1050338.5893508515,1073630.9026782487
2025-03-27,853888.261558068,1056879.92540717,1077020.526178043
2025-03-28,854091.0990251598,1053503.1920832864,1074896.8705990852
2025-04-01,850547.8738468055,1040232.8808202125,1060154.413689104
2025-04-02,851701.4104779253,1049854.8351793515,1068485.3998678946
2025-04-03,851410.8741548602,1048756.3844076302,1063666.421565573
2025-04-04,848162.035177247,1027130.4419933718,1050189.932576428
2025-04-07,845916.5024412799,992589.6999027092,1017274.5173793292
2025-04-08,849461.3969281161,1011107.9291522393,1032057.8521666521
2025-04-09,844089.0697101884,1004983.7189771063,1025156.2207903888
2025-04-11,851076.9107047394,1024538.5918578494,1045330.2010244394
2025-04-15,863173.9907231639,1050533.6530719884,1065340.7943767994
2025-04-16,857450.2059520455,1056702.2178253336,1069587.9809070404
2025-04-17,859945.7347434965,1070387.2443946903,1088495.9932202545
2025-04-21,861989.3763662342,1086392.4975195185,1101400.8150649935
2025-04-22,862188.7136167639,1090312.3815805078,1102830.045239846
2025-04-23,862388.0969645433,1097838.5821191268,1110058.4503794913
2025-04-24,862587.5264202325,1095027.0803984583,1106505.5646256807
2025-04-25,862787.0019944939,1078612.029540149,1097031.119530403
2025-04-28,862986.5236979927,1091136.7981972757,1110385.0995151983
2025-04-29,863186.0915413962,1091657.675222279,1110425.9773925398
2025-04-30,863385.7055353746,1087592.1924371587,1110752.6265282468
2025-05-02,863585.3656906002,1086404.8396630208,1109854.1856204588
2025-05-05,863785.072017748,1095742.9247216026,1120553.8453869065
2025-05-06,857922.1353022241,1083966.01282233,1113243.8091202532
2025-05-07,860602.9267996858,1089685.342836784,1114019.7410236916
2025-05-08,870189.1210029924,1078360.2690972975,1106873.0916387292
2025-05-09,873012.9266609305,1070091.0329506306,1096459.327758322
2025-05-12,879830.113069164,1111355.7362522504,1139135.083936739
2025-05-13,883815.1448043418,1103358.027262638,1125699.3481972606
2025-05-14,886787.9440782912,1110768.2309369326,1129456.4987101036
2025-05-15,894155.2106661391,1125050.5979672102,1144158.2023704185
2025-05-16,895391.625259737,1129103.7386088283,1144321.4646244345
2025-05-19,900083.7647873578,1128851.9781659767,1140237.6649758846
2025-05-20,895277.8637399902,1115018.84587459,1130763.3445082814
2025-05-21,894804.4282760534,1122179.7961039324,1133458.5426039707
2025-05-22,894981.851312038,1115482.9297548833,1126761.1759867396
2025-05-23,893325.4828324419,1124667.9915186332,1136807.2882264236
2025-05-26,893102.0767982057,1130950.1425613996,1143014.7434539313
2025-05-27,888070.233261206,1126418.0688980876,1136317.2522090254
2025-05-28,878321.2107429091,1124586.5140869175,1134030.3343760516
2025-05-29,873668.2151533352,1128632.230157835,1137501.589002854
2025-05-30,876519.1114141552,1125699.7175770444,1135173.7932925385
2025-06-02,877389.8119934286,1127306.703230267,1133662.807363003
2025-06-03,873131.5627324599,1121224.533481439,1126189.3842146588
2025-06-04,873976.3737947645,1125991.0114483023,1129007.215942372
2025-06-05,876205.6147461089,1132243.560631262,1135500.4424282454
2025-06-06,882450.4817237848,1143627.934513358,1145505.8014182628
2025-06-09,889674.5009928017,1151796.0229371022,1148977.0560450654
2025-06-10,908630.1645032084,1152260.010394399,1149140.442926756
2025-06-11,917926.8949003262,1152156.3556735772,1151100.5869963483
2025-06-12,900171.3045304648,1137770.333922478,1139175.9618140804
2025-06-13,894604.6261926652,1130846.3914175818,1131620.907538728
2025-06-16,895146.1309855296,1140169.7237577583,1142238.811550493
2025-06-17,887508.1792364358,1134563.8836097298,1137705.7291342115
2025-06-18,883997.3763677641,1131784.3943237711,1136276.374331684
2025-06-19,877739.300879207,1123801.53447556,1134928.7752838396
2025-06-20,884058.6118666535,1137506.2313361238,1149589.6010668129
2025-06-23,887357.0091974793,1135551.2550899289,1146975.9094704571
2025-06-24,886255.2399275922,1141065.6862376423,1149303.7051807723
2025-06-25,887661.1664448526,1150132.2441391693,1157389.6733508643
2025-06-26,887469.3811750372,1161027.9462769635,1169559.441169506
2025-06-27,886835.9636034355,1166093.1426857854,1175970.9119006966
2025-06-30,887358.70792176,1165947.4475386585,1170049.477186904
2025-07-01,881391.8252603685,1165861.052534141,1171397.0762347488
2025-07-02,890142.7721381271,1162494.1543558608,1167068.2585774995
2025-07-03,899302.4817786488,1161240.1732914087,1165475.641520956
2025-07-04,901404.6796044613,1163244.5181116136,1168415.8576253443
2025-07-07,898281.7428783034,1162689.1216540013,1168252.595371328
2025-07-08,894310.0208895076,1163743.217847511,1171682.972120789
2025-07-09,906550.8324381701,1162997.6752415637,1170008.5993095625
2025-07-10,901616.2324508211,1158749.567301805,1164536.3227358267
2025-07-11,896330.480486116,1149433.659532329,1156164.4586796944
2025-07-14,901718.2096073505,1150734.5985958884,1154530.9637458094
2025-07-15,899830.5670280212,1157651.1165300836,1158533.1322673513
2025-07-16,898906.6715193628,1158803.8534486168,1158328.992135994
2025-07-17,898501.2036924249,1156197.1541716927,1155020.9997632075
2025-07-18,902589.8806254682,1149060.9846523516,1149303.7051807723
2025-07-21,895616.7575620383,1154160.700493782,1152693.3286805667
2025-07-22,888399.4546229799,1151319.596913307,1151917.3967771283
2025-07-23,886863.2092808147,1156626.7186193771,1157879.7093682622
2025-07-24,890428.0529738255,1150342.0605787116,1152039.905781478
2025-07-25,883286.4767070506,1136207.8956934598,1143586.4105983377
2025-07-28,877347.0903514974,1127921.303407492,1137297.3242438217
2025-07-29,878990.2462649563,1135840.0419632879,1143831.4286070366
2025-07-30,883580.8155602594,1137133.5564561465,1143994.8154887273
2025-07-31,888395.0000723384,1131278.366440169,1140441.929734917
2025-08-01,891899.6934572116,1119365.787385365,1132641.8574508654
2025-08-04,896745.9032968336,1128585.3685817237,1138767.5569236905
2025-08-05,899392.4899887576,1125529.4345659085,1135868.094068969
2025-08-06,897893.732929219,1119030.042512899,1132478.4705691745
2025-08-07,897608.3620690635,1120375.3361546702,1132396.8394421667
2025-08-08,896404.1504285309,1107986.331076071,1123616.695123319
2025-08-11,900540.7432202462,1117381.1128563674,1132396.8394421667
2025-08-12,873024.1419787131,1114179.5801164212,1129333.9897057542
2025-08-13,871295.3279940964,1120572.81045071,1135377.933423896
2025-08-14,865340.7038848399,1119691.6006892317,1136235.6210820174
2025-08-18,879371.3002602046,1132095.4549092322,1147833.5971285785
2025-08-19,892235.1886001183,1138765.1299733776,1151468.1140093969
2025-08-20,887067.2845006764,1142544.332883038,1153755.0318423708
2025-08-21,884401.9604322016,1142248.1214389782,1155960.3185483369
2025-08-22,878300.8613149751,1135047.7342042257,1146526.7513304006
2025-08-25,875698.983910022,1138044.3680774316,1150324.65509291
2025-08-26,863935.9058995745,1124055.8019163108,1139584.2420767955
2025-08-28,865468.7102683213,1112849.1356160513,1130926.6067622977
2025-08-29,865668.8521237253,1108963.7709876704,1127373.721008487
2025-09-01,865869.0402624458,1121335.6127729614,1136031.3563229851
2025-09-02,866069.2746951861,1121871.2425163703,1133989.45649871
2025-09-03,866269.5554326515,1128795.185021266,1139135.083936739
2025-09-04,852718.8780361258,1126573.5991908181,1140686.9477436158
2025-09-05,846593.4531014058,1127042.6006439128,1141830.406660103
2025-09-08,853795.9180855583,1129486.3450574055,1143423.0237166465
2025-09-09,854576.6520135698,1132964.3225272081,1145669.188299954
2025-09-10,862944.6231981853,1139137.9012763512,1150978.077991999
2025-09-11,862818.8673311757,1140544.905635635,1153795.9097197123
2025-09-12,866191.8927019251,1144869.5734343075,1157798.0782412542
2025-09-15,870563.4123005979,1146133.389644363,1156205.336557036
2025-09-16,875497.3027215664,1153709.055179988,1163433.7416966811
2025-09-17,877439.1557691661,1157456.0528089467,1167885.0683582795
2025-09-18,882589.8090107583,1161094.5745672777,1170825.4090903425
2025-09-19,879822.6099102373,1159502.4380554568,1167558.2945948977
2025-09-22,881779.972245742,1154308.806215812,1161800.1221351214
2025-09-23,881315.7258283761,1151534.3309256511,1161228.4549907153
2025-09-24,879698.2107384102,1144277.1505461882,1155225.2645222398
2025-09-25,874811.5754537865,1136583.0775713362,1148527.773277334
2025-09-26,869330.9992083309,1121315.8460587582,1138318.274155959
2025-09-29,868971.3054744652,1122596.9219851182,1137501.589002854
2025-09-30,864545.1086407822,1122350.0791150683,1133336.0335996212
2025-10-01,870059.1682374777,1131937.514041599,1145546.6792956044
2025-10-03,877537.8194449634,1136844.6731597912,1148201.1241416268
2025-10-06,879080.1744921283,1143852.6000943016,1156001.1964256782
2025-10-07,882278.1860039639,1145819.918483999,1157389.6733508643
2025-10-08,880962.2209182153,1140875.6365123033,1153183.3646979649
2025-10-09,886713.2062359899,1147412.05499582,1160003.2403195454
2025-10-10,890232.4497915846,1152141.602955172,1166006.4307880206
2025-10-13,893026.899345498,1150031.0964162466,1162412.7917845438
2025-10-14,898104.3596981232,1144563.5268446442,1158533.1322673513
2025-10-15,906606.4084947596,1154106.4143469704,1168252.595371328
2025-10-16,911408.3733807085,1163311.2428249237,1178993.0083874424
2025-10-17,912335.2586591818,1165002.1164847645,1184996.198855918
2025-10-20,910344.48957615,1170830.018792842,1191897.7056045067
2025-10-21,906095.8202230707,1172957.7850480718,1191938.583481848
2025-10-23,899023.4720135051,1172794.9266076365,1194062.2390608059
2025-10-24,893945.0962316218,1169373.6458595484,1194062.2390608059
2025-10-27,888378.6653370552,1176991.2553984825,1197982.6518276648
2025-10-28,883040.5994993242,1175591.6756098997,1196961.7019155275
2025-10-29,883244.8048991081,1182495.8514005924,1202678.9964979624
2025-10-30,883449.0575219137,1177011.0221126857,1194838.0463365696
2025-10-31,883653.3573786613,1170548.6564901837,1188712.3468637445
2025-11-03,880830.9054367018,1175500.2666095842,1189815.0525305648
2025-11-04,878908.1768193736,1168823.1669747382,1182627.525268261
2025-11-06,876018.780684375,1160810.7052667204,1177114.3708171835
2025-11-07,872019.8197626234,1161222.9135751044,1177931.1805979635
2025-11-10,872621.4352829631,1164945.323340054,1182219.1203778712
2025-11-11,865123.6494197475,1169178.6785614076,1187650.6437019405
2025-11-12,866207.0998445065,1176793.7811024426,1195409.8381086504
2025-11-13,879879.3796930825,1175761.9586210356,1194062.2390608059
2025-11-14,876468.8335860708,1176766.5898175389,1195858.996248707
2025-11-17,879428.8996381778,1182602.013119313,1200514.5876693379
2025-11-18,865904.6871744997,1176189.0160708209,1196430.7880207878
2025-11-19,862135.847286627,1180219.9794233325,1202148.082603223
2025-11-20,856929.0105459063,1183633.739177724,1207334.5879185933
2025-11-21,851886.3297581215,1174490.7178402792,1201943.942471865
2025-11-24,846977.2360798882,1168778.812396526,1197778.3870686325
2025-11-25,844981.6297767924,1167816.125203332,1195246.4512269595
2025-11-26,846104.4444080204,1182634.0255540225,1208845.5738481288
2025-11-27,844654.4578210285,1182266.2682468467,1210519.9466593552
2025-11-28,844260.2112849664,1181547.9169258035,1210805.7179177208
2025-12-01,844631.5619869545,1181017.2047551966,1209213.1008611773
2025-12-02,845067.0613230033,1176070.5122085977,1203332.4193970514
2025-12-03,841958.8747998659,1170839.9503614416,1199820.2868929075
2025-12-04,837772.9462804005,1172064.2331430907,1202148.082603223
2025-12-05,830529.8933699769,1176712.303670727,1208845.5738481288
2025-12-08,829317.4098025507,1161454.9073037528,1198391.056718055
2025-12-09,826307.9118061265,1160963.7285615522,1193898.852179115
2025-12-10,829531.3059372749,1155659.1138533812,1190672.6155610115
2025-12-11,829723.1371759046,1162671.8619376973,1196267.401139097
2025-12-12,829915.0127759994,1171328.6221057433,1203454.9284014008
2025-12-15,830106.932747818,1171279.2535317333,1202842.3833796533
2025-12-16,830298.8971016215,1163624.7139852878,1195164.8200999515
2025-12-17,830490.9058476734,1159966.5219357496,1191285.160582759
2025-12-18,830682.9589962395,1159741.8563548059,1191816.0744774984
2025-12-19,830875.0565575879,1168926.918118556,1198388.938047583
2025-12-22,831067.1985419893,1178311.8647532486,1207538.7280499507
2025-12-23,832929.4952652077,1179669.5005385224,1207497.8501726093
2025-12-24,831865.2530307819,1177452.8322808763,1206762.7961465125
2025-12-26,833909.3232540737,1173997.0321001797,1202515.6096162715
2025-12-29,831130.2478005178,1169151.4872765036,1197165.8420468848
2025-12-30,832200.7363192863,1168494.9430959688,1197860.1428233152
2025-12-31,835029.2467346366,1178504.4214764868,1205986.8642430739
2026-01-01,837452.8904613942,1178504.4214764868,1206068.495370082
2026-01-02,822165.6056960482,1189733.265065852,1215134.5355749698
2026-01-05,816702.8855499055,1187731.3308205502,1210479.0687820136
2026-01-06,822590.0224201631,1185364.1462659712,1208886.3270977954
2026-01-07,823249.0206643777,1185665.2752828328,1207661.2370543003
2026-01-08,816725.1116331783,1169052.7501284839,1196267.401139097
2026-01-09,817771.5705290237,1158549.5860078663,1186711.3249168112
2026-01-12,818546.4647428861,1160677.352263096,1191938.583481848
2026-01-13,819791.3251667166,1159206.226611397,1188916.611622777
2026-01-14,821924.8759907716,1158969.2188869508,1186997.2208028515
2026-01-15,822076.6080802634,1158969.2188869508,1186997.2208028515
2026-01-16,822732.9444644272,1159435.8097651424,1188549.0846097283
2026-01-19,822719.659555903,1153928.706765134,1182790.912149952
2026-01-20,817865.3171331014,1132843.4080900822,1169110.1584017747
2026-01-21,817231.1069464947,1127338.8120879724,1163678.75970538
2026-01-22,817420.0937326113,1135909.177251501,1170457.7574496192
2026-01-23,817609.1242224061,1120972.6766155914,1159431.5731751393
2026-01-27,817798.1984259858,1126553.8324766152,1164781.3407445257
2026-01-28,817987.3163534591,1139530.3428705318,1170457.7574496192
2026-01-29,813321.8514908771,1142132.124574654,1173561.485063373
2026-01-30,816262.9993841497,1139402.0038627053,1170947.918094692
2026-02-02,818381.9494658886,1127430.1246652915,1159554.0821794888
2026-02-03,826109.5359491771,1157510.4353787545,1189365.7697628334
2026-02-04,830528.4928369102,1161886.8823263398,1191040.14257406
2026-02-05,829008.1244596242,1155802.205579613,1185731.252882015
2026-02-06,825505.0858699819,1156903.1633492336,1186956.3429255101
2026-02-09,839966.165080901,1169215.704991915,1194756.4152095614
2026-02-10,843321.6061989068,1172688.764888916,1198840.2148581115
2026-02-11,846241.4811656082,1174135.302676606,1200024.55165194
2026-02-12,839379.6359796112,1167643.3351942971,1193572.078415733
2026-02-13,835844.4872321673,1150936.99046473,1179687.184536198
2026-02-16,834317.9856064164,1158801.3464507177,1187405.6256932416
2026-02-17,838975.8246501237,1162138.7391921873,1190509.2286793205
2026-02-18,841674.8470504605,1167359.4658937398,1193286.3071573675
2026-02-19,834256.3097509359,1150161.845998976,1177686.1625892646
2026-02-20,830828.1140428857,1154977.7889628455,1181157.417216067
2026-02-23,829685.273186644,1159418.453625842,1186139.657772405
2026-02-24,817246.6327400433,1150514.8505877464,1175521.7537606403
2026-02-25,815321.0855021293,1155412.2709833314,1178707.1125014022
2026-02-26,819422.3808262128,1157619.0076723779,1178502.8477423696
2026-02-27,815917.1122882506,1143714.3295178753,1165067.2366305662
2026-03-02,814201.9427591125,1127378.2490933829,1151345.6050050475
2026-03-04,813236.168693647,1106339.9084174384,1132396.8394421667
2026-03-05,820058.802092359,1120558.0577323046,1144893.2563965155
2026-03-06,813041.4047720016,1109869.76145915,1132233.4525604756
2026-03-09,795010.3412297482,1088900.4596484224,1112508.7550941561
2026-03-10,812232.6693056119,1103039.5421064761,1122840.7632198806
2026-03-11,815801.543725775,1088196.9574687807,1104912.8229414625
2026-03-12,822525.4491266982,1081048.3493829411,1094213.2878026895
2026-03-13,817331.9822552006,1056053.0017925033,1072773.339647802
2026-03-16,817520.9923689907,1061365.1374943713,1082941.9608918356
2026-03-17,817710.0461918536,1069782.4793630685,1091027.9290619276
2026-03-18,817899.1437338971,1082030.8032903383,1100298.109398173
2026-03-19,818088.2850052314,1047887.5167896542,1070445.5439374866
2026-03-20,822301.6865572677,1052928.0289114711,1070241.4038061292
2026-03-23,802350.297026225,1020164.5554851668,1041981.4554019866
2026-03-24,814982.4894311135,1040047.7486676753,1061093.6078465586
2026-03-25,823600.933270633,1060348.0677313695,1078368.1252258876
2026-03-27,803713.359078641,1037734.8502599082,1057254.9508343823
2026-03-30,795642.2348322986,1013440.5942742097,1034998.192898715
2026-04-01,809536.0426862657,1033538.5214690622,1051374.2693702565
2026-04-02,810176.7261422083,1033696.4623366955,1052027.5676416706
2026-04-06,814237.1044799953,1046320.0645648383,1062808.8585351263
2026-04-07,817801.9483955121,1051375.3294050605,1067791.0990914642
2026-04-08,831958.9546785677,1092877.0404311265,1109486.6586074103
2026-04-09,832151.3473171851,1087959.9497443344,1100543.1274068719
2026-04-10,832343.7844470929,1103227.1812569124,1110589.3642742308
2026-04-13,832536.2660785797,1094948.1099646417,1100665.6364112215
2026-04-15,832728.7922219366,1115510.121039787,1118021.7849175588
2026-04-16,828312.9394064393,1118509.2619108916,1118756.9635713305
2026-04-17,830202.1383730432,1129029.6857478132,1126597.7891050486
2026-04-20,829893.3806838435,1128851.9781659767,1123902.4663816849
2026-04-21,832278.4280648191,1137567.9420536363,1133785.3163673526
2026-04-22,837305.3161677317,1135057.5693498296,1125658.5949475942
2026-04-23,842223.1365220025,1126139.117170332,1117981.0316678921
2026-04-24,835121.6378117087,1114251.222402533,1107077.2317700868
2026-04-27,841180.2342966308,1126659.9941953358,1112917.0353568713
2026-04-28,847819.434024388,1123905.1891963817,1108669.9734543052
2026-04-29,848898.6429918201,1129108.6561816302,1115408.2179488777
2026-04-30,844310.3576493157,1119854.5555526628,1110834.38228293
2026-05-01,844467.1432530928,1119854.5555526628,1110834.38228293
2026-05-04,848804.1636002703,1127121.5710777293,1115367.3400715364
2026-05-05,846131.5434245745,1126010.7781625055,1112018.5944490836
2026-05-06,846566.3195996265,1142062.989286441,1126026.1219606427
2026-05-07,845665.6205549997,1146042.0770670439,1123739.2041276686
2026-05-08,853744.8210186131,1141186.6970977641,1118716.0856939892
2026-05-11,847971.142892661,1125393.6709873811,1103034.3099988785
2026-05-12,830263.6269785058,1100914.2828491451,1082411.0469970962
2026-05-13,826215.2102643389,1104737.8403370176,1084003.7886813146
2026-05-14,827615.3737996715,1116376.481659864,1094825.832824437
2026-05-15,827488.177966779,1112330.7655889469,1091599.5962063337
2026-05-18,825514.7310942082,1108870.0478354483,1092743.0551228207
2026-05-19,826240.9006533267,1111866.681708654,1092865.56412717
2026-05-20,826133.7885820568,1114651.0885674146,1094662.445942746
2026-05-21,826167.587117328,1115870.453776262,1095315.868841835
2026-05-22,826358.6404873672,1118262.419040842,1098950.5103503284
2026-05-25,826549.7380389875,1131994.2107633133,1110752.6265282468
2026-05-26,826740.8797824059,1130402.0742514925,1106015.4039806079
2026-05-27,826932.0657278419,1133867.8060007887,1106464.6867483393
2026-05-28,825914.4648949746,1133867.8060007887,1106464.6867483393
2026-05-29,825186.6738458229,1118543.7813435001,1093559.8649036004
2026-06-01,823406.6646602442,1107729.5566374217,1084330.4378170215
2026-06-02,831968.4319122995,1111834.5728509484,1086372.3376412967
2026-06-03,836199.492972682,1108415.799100759,1084452.946821371
2026-06-04,839648.1891934623,1110679.3289345163,1084657.2115804036
2026-06-05,841058.8303302992,1109082.2748498935,1083677.0149179327
2026-06-08,837955.12630723,1094683.9109552915,1072242.4257530628
2026-06-09,847517.3516500995,1104382.4251733446,1077633.0711997906
2026-06-10,843822.8548593624,1097653.4499665895,1074365.9567043458
2026-06-11,838219.4854855657,1091758.8229452018,1072528.3216391033
2026-06-12,840370.1829437041,1115719.9374793293,1093886.5140393074
2026-06-15,841638.9391539873,1130110.8768032307,1105198.7188275028
2026-06-16,841888.9698239889,1135341.4386503866,1109445.9053577436
2026-06-17,842837.0868374314,1140892.8962286073,1115326.4621941948
2026-06-18,835866.8830149842,1145669.3057640702,1118838.5946983388
2026-06-19,825998.5407456018,1142596.1120319508,1114673.1639227807
2026-06-22,830712.7837696108,1148404.344048821,1117613.5046548436
2026-06-23,823858.292887933,1136017.7495451244,1105933.7728535999
2026-06-24,819449.2923508924,1141712.4916955694,1113570.4582559601
2026-06-25,820597.1200690146,1141090.3705246472,1116633.3079923727
2026-06-26,820786.885254285,1141090.3705246472,1116633.3079923727
2026-06-29,820976.6943232403,1135477.202228914,1111446.9273046772
2026-06-30,821166.5472860289,1135262.4682165699,1110058.4503794913
2026-07-01,821356.4441528013,1140989.2228017244,1114346.3901593988
2026-07-02,818573.73861704,1148550.039195948,1120063.6847418337
2026-07-03,822628.7367221146,1150344.5675766105,1126761.1759867396
2026-07-06,829528.7532780212,1156900.6563513344,1132968.5065865726
2026-07-07,829435.6412905084,1153686.781467886,1131416.6427796956
2026-07-08,810873.7084123896,1130937.800417897,1109527.5364847519
2026-07-09,811579.698598084,1139483.4812944208,1113897.2320193422
2026-07-10,815852.3959618619,1152677.2326985807,1123330.7992372785
2026-07-13,812337.129407311,1152610.6044082665,1124269.9933947334
2026-07-14,810681.9091973589,1145323.7257460007,1116306.6588566657
2026-07-15,811234.7162980604,1148505.5881947398,1117572.6267775022
2026-07-16,806490.5253151155,1146962.8202569287,1118920.2258253468
2026-07-17,799480.0442888305,1152079.8922376595,1129007.215942372
2026-07-20,797553.2046530467,1152166.287242177,1125413.4523112203
2026-07-21,798308.182348642,1152862.364851118,1123575.8172459775
2026-07-22,797173.5687828049,1142638.152458256,1116347.4121063324
2026-07-23,795561.9591081222,1134608.334610938,1110711.8732785804
2026-07-24,796770.8194275644,1131196.9854314495,1107567.267787485
2026-07-27,796719.9586579815,1143035.5116252385,1117286.7308914617
2026-07-28,796225.565040697,1141149.6706672567,1117041.7128827628
2026-07-29,792147.1401715288,1152884.542140224,1126393.6489736913
2026-07-30,783063.8960375634,1152931.5001393312,1129129.7249467217
2026-07-31,789994.1391208579,1158221.2657061007,1132927.753336906
2026-08-03,795557.3028358506,1175112.7425882053,1142932.9876992484
2026-08-04,796896.2766021695,1169548.942866482,1138522.5389149915
2026-08-05,803921.8361004292,1171790.2954111332,1143300.514712297
2026-08-06,797245.0785864545,1171489.0699712757,1145873.3284313113
2026-08-07,786202.8984757047,1170632.5444968021,1142769.6008175577
2026-08-10,781865.1994145818,1172167.8878639124,1145342.414536572
2026-08-11,784648.2151403489,1169104.6257003925,1139911.0158401774
2026-08-12,786441.6326831179,1168675.0612527083,1136603.148095066
2026-08-13,792289.7736317727,1167966.6415002646,1135949.725195977
2026-08-14,794601.4365854304,1164846.5861920342,1136725.6570994155
2026-08-17,788583.1144312768,1163343.2552596335,1134928.7752838396
2026-08-18,793965.249834616,1158798.9358758149,1127537.1078901782
2026-08-19,791968.2044671017,1154543.3069423593,1121493.0395443612
2026-08-20,793754.048663887,1160800.7736981208,1129456.4987101036
2026-08-21,788684.2878539688,1161657.3955955904,1130232.430613542
2026-08-24,784949.4999828725,1160741.5699785072,1126597.7891050486
2026-08-25,789245.2056873353,1165671.002808802,1130967.484639639
2026-08-26,793436.4372312934,1163084.070246081,1131294.1337753462
2026-08-27,794136.9341178869,1159272.8549017112,1126066.8752103092
2026-08-28,799041.5650037676,1161571.000591073,1125576.839192911
2026-08-31,797655.3015796829,1157710.320249697,1122513.9894564985
2026-09-01,802972.8951418883,1152257.5998194963,1115898.2539662758
2026-09-02,799843.3938692706,1146476.5590875298,1113080.4222385625
2026-09-03,801343.8905830638,1148019.3270253409,1113366.3181246028
2026-09-04,799664.146096569,1148024.2445981428,1115979.8850932838
2026-09-07,804829.2563238651,1143188.53492007,1107567.267787485
2026-09-08,803475.4556021012,1140715.1886467708,1102830.045239846
2026-09-09,801615.5306442213,1133440.7485510034,1095070.850833136
2026-09-10,803086.4024096312,1133124.7703927406,1091068.806939269
2026-09-11,808379.8941571973,1128886.4975985852,1090946.2979349194
2026-09-14,808510.2684641775,1128886.4975985852,1090946.2979349194
2026-09-15,797674.9218829523,1109679.6153108147,1080491.6561771706
2026-09-16,801199.1064956893,1112372.709592256,1082288.5379927468
2026-09-17,799453.8832751988,1118427.784479176,1086617.3556499956
2026-09-18,799549.0396028619,1127605.4216722255,1088455.115342913
2026-09-21,799172.336215833,1128568.1088654196,1093478.2337765924
2026-09-22,799238.9678862081,1125317.1111284671,1088904.3981106447
2026-09-23,799849.0363685071,1132273.162491069,1092783.933000162
2026-09-24,796041.8530001227,1113389.6829322618,1078082.229339847
2026-09-25,792358.2383849751,1115902.5626339677,1078654.0211119282
2026-09-28,788914.7233817398,1097569.561959971,1063707.2994429143
2026-09-29,785283.4839092941,1091094.8541939664,1059623.4997943642
2026-09-30,786726.9245165832,1089668.0831204795,1055662.209150164
2026-10-01,777921.3334223025,1079085.9485660454,1047494.609853064
2026-10-02,778048.5410837434,1079085.9485660454,1047494.609853064
